Date,Time,Call OI,Put OI,Difference_in_OI,Nifty Spot,SP1_Call,SP2_Call,SP3_Call,SP4_Call,SP5_Call,SP6_Call,SP1_Call_Price_,SP2_Call_Price,SP3_Call_Price,SP4_Call_Price,SP5_Call_Price,SP6_Call_Price,SP1_Call_IV,SP2_Call_IV,SP3_Call_IV,SP4_Call_IV,SP5_Call_IV,SP6_Call_IV,SP1_Put,SP2_Put,SP3_Put,SP4_Put,SP5_Put,SP6_Put,SP1_Put_Price_,SP2_Put_Price,SP3_Put_Price,SP4_Put_Price,SP5_Put_Price,SP6_Put_Price,SP1_Put_IV,SP2_Put_IV,SP3_Put_IV,SP4_Put_IV,SP5_Put_IV,SP6_Put_IV
3/1/2022,9:15,155677,187870,32193,17473.2,,,,,,,,,,,,,,,,,,,,,,,,,,,,,,,,,,,,
3/1/2022,9:20,202130,243758,41628,17439.5,,,,,,,,,,,,,,,,,,,,,,,,,,,,,,,,,,,,
3/1/2022,9:25,218968,260684,41716,17462.35,,,,,,,,,,,,,,,,,,,,,,,,,,,,,,,,,,,,
3/1/2022,9:30,236760,284548,47788,17462.8,,,,,,,,,,,,,,,,,,,,,,,,,,,,,,,,,,,,
3/1/2022,9:35,250681,291946,41265,17473.5,,,,,,,,,,,,,,,,,,,,,,,,,,,,,,,,,,,,
3/1/2022,9:40,259520,302304,42784,17463.35,,,,,,,,,,,,,,,,,,,,,,,,,,,,,,,,,,,,
3/1/2022,9:45,264423,310116,45693,17484.8,,,,,,,,,,,,,,,,,,,,,,,,,,,,,,,,,,,,
3/1/2022,9:50,270771,317470,46699,17493.95,,,,,,,,,,,,,,,,,,,,,,,,,,,,,,,,,,,,
3/1/2022,9:55,269059,319993,50934,17497.5,,,,,,,,,,,,,,,,,,,,,,,,,,,,,,,,,,,,
3/1/2022,10:00,265612,325565,59953,17496.65,,,,,,,,,,,,,,,,,,,,,,,,,,,,,,,,,,,,
3/1/2022,10:05,269273,337398,68125,17493.2,,,,,,,,,,,,,,,,,,,,,,,,,,,,,,,,,,,,
3/1/2022,10:10,273825,346721,72896,17498.1,,,,,,,,,,,,,,,,,,,,,,,,,,,,,,,,,,,,
3/1/2022,10:15,275812,354390,78578,17491.8,,,,,,,,,,,,,,,,,,,,,,,,,,,,,,,,,,,,
3/1/2022,10:20,274759,358033,83274,17509.55,,,,,,,,,,,,,,,,,,,,,,,,,,,,,,,,,,,,
3/1/2022,10:25,278648,361947,83299,17512.75,,,,,,,,,,,,,,,,,,,,,,,,,,,,,,,,,,,,
3/1/2022,10:30,268699,330165,61466,17519.1,,,,,,,,,,,,,,,,,,,,,,,,,,,,,,,,,,,,
3/1/2022,10:35,272210,341368,69158,17507.3,,,,,,,,,,,,,,,,,,,,,,,,,,,,,,,,,,,,
3/1/2022,10:40,269105,345802,76697,17510.15,,,,,,,,,,,,,,,,,,,,,,,,,,,,,,,,,,,,
3/1/2022,10:45,271599,348524,76925,17509.4,,,,,,,,,,,,,,,,,,,,,,,,,,,,,,,,,,,,
3/1/2022,10:50,275416,356702,81286,17512.45,,,,,,,,,,,,,,,,,,,,,,,,,,,,,,,,,,,,
3/1/2022,10:55,279328,363774,84446,17517.3,,,,,,,,,,,,,,,,,,,,,,,,,,,,,,,,,,,,
3/1/2022,11:00,281661,366930,85269,17516.55,,,,,,,,,,,,,,,,,,,,,,,,,,,,,,,,,,,,
3/1/2022,11:05,281666,368979,87313,17511.6,,,,,,,,,,,,,,,,,,,,,,,,,,,,,,,,,,,,
3/1/2022,11:10,283279,375449,92170,17527.65,,,,,,,,,,,,,,,,,,,,,,,,,,,,,,,,,,,,
3/1/2022,11:15,289330,379306,89976,17525.2,,,,,,,,,,,,,,,,,,,,,,,,,,,,,,,,,,,,
3/1/2022,11:20,285415,382383,96968,17526.05,,,,,,,,,,,,,,,,,,,,,,,,,,,,,,,,,,,,
3/1/2022,11:25,287600,385501,97901,17523.6,,,,,,,,,,,,,,,,,,,,,,,,,,,,,,,,,,,,
3/1/2022,11:30,287443,388061,100618,17518.65,,,,,,,,,,,,,,,,,,,,,,,,,,,,,,,,,,,,
3/1/2022,11:35,287662,391193,103531,17519.85,,,,,,,,,,,,,,,,,,,,,,,,,,,,,,,,,,,,
3/1/2022,11:40,287650,393697,106047,17527.95,,,,,,,,,,,,,,,,,,,,,,,,,,,,,,,,,,,,
3/1/2022,11:45,289407,394254,104847,17524.35,,,,,,,,,,,,,,,,,,,,,,,,,,,,,,,,,,,,
3/1/2022,11:50,290438,394417,103979,17527.6,,,,,,,,,,,,,,,,,,,,,,,,,,,,,,,,,,,,
3/1/2022,11:55,293817,397871,104054,17531.2,,,,,,,,,,,,,,,,,,,,,,,,,,,,,,,,,,,,
3/1/2022,12:00,295536,399244,103708,17519.65,,,,,,,,,,,,,,,,,,,,,,,,,,,,,,,,,,,,
3/1/2022,12:05,295355,401459,106104,17518.8,,,,,,,,,,,,,,,,,,,,,,,,,,,,,,,,,,,,
3/1/2022,12:10,298223,403103,104880,17524.9,,,,,,,,,,,,,,,,,,,,,,,,,,,,,,,,,,,,
3/1/2022,12:15,297191,402664,105473,17537.65,,,,,,,,,,,,,,,,,,,,,,,,,,,,,,,,,,,,
3/1/2022,12:20,297396,405581,108185,17543.45,,,,,,,,,,,,,,,,,,,,,,,,,,,,,,,,,,,,
3/1/2022,12:25,287331,409317,121986,17545.0,,,,,,,,,,,,,,,,,,,,,,,,,,,,,,,,,,,,
3/1/2022,12:30,287632,415981,128349,17550.75,,,,,,,,,,,,,,,,,,,,,,,,,,,,,,,,,,,,
3/1/2022,12:35,274208,408148,133940,17561.35,,,,,,,,,,,,,,,,,,,,,,,,,,,,,,,,,,,,
3/1/2022,12:40,275009,409750,134741,17566.4,,,,,,,,,,,,,,,,,,,,,,,,,,,,,,,,,,,,
3/1/2022,12:45,272660,411226,138566,17573.4,,,,,,,,,,,,,,,,,,,,,,,,,,,,,,,,,,,,
3/1/2022,12:50,264656,409008,144352,17568.25,,,,,,,,,,,,,,,,,,,,,,,,,,,,,,,,,,,,
3/1/2022,12:55,267854,414883,147029,17570.05,,,,,,,,,,,,,,,,,,,,,,,,,,,,,,,,,,,,
3/1/2022,13:00,269132,417171,148039,17572.55,,,,,,,,,,,,,,,,,,,,,,,,,,,,,,,,,,,,
3/1/2022,13:05,272435,418772,146337,17572.85,,,,,,,,,,,,,,,,,,,,,,,,,,,,,,,,,,,,
3/1/2022,13:10,272081,419884,147803,17575.9,,,,,,,,,,,,,,,,,,,,,,,,,,,,,,,,,,,,
3/1/2022,13:15,273446,421771,148325,17580.7,,,,,,,,,,,,,,,,,,,,,,,,,,,,,,,,,,,,
3/1/2022,13:20,273655,422924,149269,17584.1,,,,,,,,,,,,,,,,,,,,,,,,,,,,,,,,,,,,
3/1/2022,13:25,272165,422273,150108,17580.15,,,,,,,,,,,,,,,,,,,,,,,,,,,,,,,,,,,,
3/1/2022,13:30,275933,425048,149115,17579.8,,,,,,,,,,,,,,,,,,,,,,,,,,,,,,,,,,,,
3/1/2022,13:35,277178,427819,150641,17572.95,,,,,,,,,,,,,,,,,,,,,,,,,,,,,,,,,,,,
3/1/2022,13:40,279981,429707,149726,17575.65,,,,,,,,,,,,,,,,,,,,,,,,,,,,,,,,,,,,
3/1/2022,13:45,284473,432163,147690,17588.25,,,,,,,,,,,,,,,,,,,,,,,,,,,,,,,,,,,,
3/1/2022,13:50,284587,433151,148564,17591.0,,,,,,,,,,,,,,,,,,,,,,,,,,,,,,,,,,,,
3/1/2022,13:55,282828,432880,150052,17592.3,,,,,,,,,,,,,,,,,,,,,,,,,,,,,,,,,,,,
3/1/2022,14:00,283544,433263,149719,17595.45,,,,,,,,,,,,,,,,,,,,,,,,,,,,,,,,,,,,
3/1/2022,14:05,285585,376113,90528,17604.9,,,,,,,,,,,,,,,,,,,,,,,,,,,,,,,,,,,,
3/1/2022,14:10,285273,376997,91724,17611.0,,,,,,,,,,,,,,,,,,,,,,,,,,,,,,,,,,,,
3/1/2022,14:15,285413,377344,91931,17616.85,,,,,,,,,,,,,,,,,,,,,,,,,,,,,,,,,,,,
3/1/2022,14:20,284207,375510,91303,17624.9,,,,,,,,,,,,,,,,,,,,,,,,,,,,,,,,,,,,
3/1/2022,14:25,278770,369587,90817,17622.1,,,,,,,,,,,,,,,,,,,,,,,,,,,,,,,,,,,,
3/1/2022,14:30,279332,366159,86827,17637.9,,,,,,,,,,,,,,,,,,,,,,,,,,,,,,,,,,,,
3/1/2022,14:35,278766,363908,85142,17630.95,,,,,,,,,,,,,,,,,,,,,,,,,,,,,,,,,,,,
3/1/2022,14:40,270447,361110,90663,17634.2,,,,,,,,,,,,,,,,,,,,,,,,,,,,,,,,,,,,
3/1/2022,14:45,273837,361192,87355,17615.0,,,,,,,,,,,,,,,,,,,,,,,,,,,,,,,,,,,,
3/1/2022,14:50,275638,361851,86213,17615.25,,,,,,,,,,,,,,,,,,,,,,,,,,,,,,,,,,,,
3/1/2022,14:55,276697,356965,80268,17612.2,,,,,,,,,,,,,,,,,,,,,,,,,,,,,,,,,,,,
3/1/2022,15:00,278254,355362,77108,17632.45,,,,,,,,,,,,,,,,,,,,,,,,,,,,,,,,,,,,
3/1/2022,15:05,279055,352448,73393,17624.25,,,,,,,,,,,,,,,,,,,,,,,,,,,,,,,,,,,,
3/1/2022,15:10,274328,347995,73667,17622.0,,,,,,,,,,,,,,,,,,,,,,,,,,,,,,,,,,,,
3/1/2022,15:15,273748,344896,71148,17628.3,,,,,,,,,,,,,,,,,,,,,,,,,,,,,,,,,,,,
3/1/2022,15:20,270965,340403,69438,17624.3,,,,,,,,,,,,,,,,,,,,,,,,,,,,,,,,,,,,
3/1/2022,15:25,270316,334214,63898,17635.35,,,,,,,,,,,,,,,,,,,,,,,,,,,,,,,,,,,,
3/1/2022,15:30,269995,329086,59091,17637.1,,,,,,,,,,,,,,,,,,,,,,,,,,,,,,,,,,,,
3/1/2022,15:35,268099,318334,50235,17637.1,,,,,,,,,,,,,,,,,,,,,,,,,,,,,,,,,,,,
4/1/2022,9:21,305800,289099,16701,17692.1,,,,,,,,,,,,,,,,,,,,,,,,,,,,,,,,,,,,
4/1/2022,9:26,315106,263127,51979,17703.05,,,,,,,,,,,,,,,,,,,,,,,,,,,,,,,,,,,,
4/1/2022,9:31,325901,276891,49010,17701.45,,,,,,,,,,,,,,,,,,,,,,,,,,,,,,,,,,,,
4/1/2022,9:36,360264,323665,36599,17669.85,,,,,,,,,,,,,,,,,,,,,,,,,,,,,,,,,,,,
4/1/2022,9:41,353693,358212,4519,17624.35,,,,,,,,,,,,,,,,,,,,,,,,,,,,,,,,,,,,
4/1/2022,9:46,379088,319919,59169,17671.1,,,,,,,,,,,,,,,,,,,,,,,,,,,,,,,,,,,,
4/1/2022,9:51,388586,323849,64737,17673.95,,,,,,,,,,,,,,,,,,,,,,,,,,,,,,,,,,,,
4/1/2022,9:56,396937,332644,64293,17681.3,,,,,,,,,,,,,,,,,,,,,,,,,,,,,,,,,,,,
4/1/2022,10:01,384908,296008,88900,17700.0,,,,,,,,,,,,,,,,,,,,,,,,,,,,,,,,,,,,
4/1/2022,10:06,393152,339904,53248,17698.8,,,,,,,,,,,,,,,,,,,,,,,,,,,,,,,,,,,,
4/1/2022,10:11,383387,311433,71954,17711.05,,,,,,,,,,,,,,,,,,,,,,,,,,,,,,,,,,,,
4/1/2022,10:16,375937,319369,56568,17715.6,,,,,,,,,,,,,,,,,,,,,,,,,,,,,,,,,,,,
4/1/2022,10:21,377113,325592,51521,17731.9,,,,,,,,,,,,,,,,,,,,,,,,,,,,,,,,,,,,
4/1/2022,10:26,372780,328182,44598,17706.55,,,,,,,,,,,,,,,,,,,,,,,,,,,,,,,,,,,,
4/1/2022,10:31,384713,334605,50108,17711.4,,,,,,,,,,,,,,,,,,,,,,,,,,,,,,,,,,,,
4/1/2022,10:36,388505,336159,52346,17722.5,,,,,,,,,,,,,,,,,,,,,,,,,,,,,,,,,,,,
4/1/2022,10:41,391434,342008,49426,17713.05,,,,,,,,,,,,,,,,,,,,,,,,,,,,,,,,,,,,
4/1/2022,10:46,392787,343992,48795,17705.65,,,,,,,,,,,,,,,,,,,,,,,,,,,,,,,,,,,,
4/1/2022,10:51,396186,360550,35636,17687.35,,,,,,,,,,,,,,,,,,,,,,,,,,,,,,,,,,,,
4/1/2022,10:56,397628,345845,51783,17707.45,,,,,,,,,,,,,,,,,,,,,,,,,,,,,,,,,,,,
4/1/2022,11:01,401918,349361,52557,17711.65,,,,,,,,,,,,,,,,,,,,,,,,,,,,,,,,,,,,
4/1/2022,11:06,403914,354184,49730,17716.2,,,,,,,,,,,,,,,,,,,,,,,,,,,,,,,,,,,,
4/1/2022,11:11,405557,356773,48784,17704.65,,,,,,,,,,,,,,,,,,,,,,,,,,,,,,,,,,,,
4/1/2022,11:16,411271,359108,52163,17700.3,,,,,,,,,,,,,,,,,,,,,,,,,,,,,,,,,,,,
4/1/2022,11:21,417370,369992,47378,17699.75,,,,,,,,,,,,,,,,,,,,,,,,,,,,,,,,,,,,
4/1/2022,11:26,420329,370598,49731,17670.45,,,,,,,,,,,,,,,,,,,,,,,,,,,,,,,,,,,,
4/1/2022,11:31,421958,364256,57702,17682.8,,,,,,,,,,,,,,,,,,,,,,,,,,,,,,,,,,,,
4/1/2022,11:36,427218,366119,61099,17691.4,,,,,,,,,,,,,,,,,,,,,,,,,,,,,,,,,,,,
4/1/2022,11:41,425847,368204,57643,17696.25,,,,,,,,,,,,,,,,,,,,,,,,,,,,,,,,,,,,
4/1/2022,11:46,422723,357419,65304,17709.45,,,,,,,,,,,,,,,,,,,,,,,,,,,,,,,,,,,,
4/1/2022,11:51,422719,361500,61219,17707.2,,,,,,,,,,,,,,,,,,,,,,,,,,,,,,,,,,,,
4/1/2022,11:56,422993,363245,59748,17713.7,,,,,,,,,,,,,,,,,,,,,,,,,,,,,,,,,,,,
4/1/2022,12:01,422386,367483,54903,17712.35,,,,,,,,,,,,,,,,,,,,,,,,,,,,,,,,,,,,
4/1/2022,12:06,422539,373271,49268,17712.25,,,,,,,,,,,,,,,,,,,,,,,,,,,,,,,,,,,,
4/1/2022,12:11,418562,377462,41100,17726.85,,,,,,,,,,,,,,,,,,,,,,,,,,,,,,,,,,,,
4/1/2022,12:16,418029,380430,37599,17732.7,,,,,,,,,,,,,,,,,,,,,,,,,,,,,,,,,,,,
4/1/2022,12:21,415089,382348,32741,17727.95,,,,,,,,,,,,,,,,,,,,,,,,,,,,,,,,,,,,
4/1/2022,12:26,415081,384631,30450,17723.55,,,,,,,,,,,,,,,,,,,,,,,,,,,,,,,,,,,,
4/1/2022,12:31,414371,392417,21954,17725.65,,,,,,,,,,,,,,,,,,,,,,,,,,,,,,,,,,,,
4/1/2022,12:36,413403,396506,16897,17732.35,,,,,,,,,,,,,,,,,,,,,,,,,,,,,,,,,,,,
4/1/2022,12:41,417895,396597,21298,17731.75,,,,,,,,,,,,,,,,,,,,,,,,,,,,,,,,,,,,
4/1/2022,12:46,421028,402125,18903,17741.5,,,,,,,,,,,,,,,,,,,,,,,,,,,,,,,,,,,,
4/1/2022,12:51,419943,402903,17040,17725.95,,,,,,,,,,,,,,,,,,,,,,,,,,,,,,,,,,,,
4/1/2022,12:56,420987,402802,18185,17724.15,,,,,,,,,,,,,,,,,,,,,,,,,,,,,,,,,,,,
4/1/2022,13:01,418160,398368,19792,17732.35,,,,,,,,,,,,,,,,,,,,,,,,,,,,,,,,,,,,
4/1/2022,13:06,407958,395826,12132,17730.25,,,,,,,,,,,,,,,,,,,,,,,,,,,,,,,,,,,,
4/1/2022,13:11,406312,399643,6669,17724.35,,,,,,,,,,,,,,,,,,,,,,,,,,,,,,,,,,,,
4/1/2022,13:16,407287,396604,10683,17706.65,,,,,,,,,,,,,,,,,,,,,,,,,,,,,,,,,,,,
4/1/2022,13:21,407667,392215,15452,17705.2,,,,,,,,,,,,,,,,,,,,,,,,,,,,,,,,,,,,
4/1/2022,13:26,410614,389383,21231,17717.2,,,,,,,,,,,,,,,,,,,,,,,,,,,,,,,,,,,,
4/1/2022,13:31,411075,391062,20013,17716.3,,,,,,,,,,,,,,,,,,,,,,,,,,,,,,,,,,,,
4/1/2022,13:36,403233,393835,9398,17706.55,,,,,,,,,,,,,,,,,,,,,,,,,,,,,,,,,,,,
4/1/2022,13:41,398489,388546,9943,17696.8,,,,,,,,,,,,,,,,,,,,,,,,,,,,,,,,,,,,
4/1/2022,13:46,404244,385756,18488,17685.8,,,,,,,,,,,,,,,,,,,,,,,,,,,,,,,,,,,,
4/1/2022,13:51,413889,378856,35033,17675.7,,,,,,,,,,,,,,,,,,,,,,,,,,,,,,,,,,,,
4/1/2022,13:56,425520,376891,48629,17702.3,,,,,,,,,,,,,,,,,,,,,,,,,,,,,,,,,,,,
4/1/2022,14:01,428271,379635,48636,17710.7,,,,,,,,,,,,,,,,,,,,,,,,,,,,,,,,,,,,
4/1/2022,14:06,425166,382589,42577,17723.0,,,,,,,,,,,,,,,,,,,,,,,,,,,,,,,,,,,,
4/1/2022,14:11,420625,386906,33719,17729.35,,,,,,,,,,,,,,,,,,,,,,,,,,,,,,,,,,,,
4/1/2022,14:16,424276,396355,27921,17727.6,,,,,,,,,,,,,,,,,,,,,,,,,,,,,,,,,,,,
4/1/2022,14:21,431651,400447,31204,17735.95,,,,,,,,,,,,,,,,,,,,,,,,,,,,,,,,,,,,
4/1/2022,14:26,431786,402092,29694,17741.05,,,,,,,,,,,,,,,,,,,,,,,,,,,,,,,,,,,,
4/1/2022,14:31,428782,403344,25438,17742.85,,,,,,,,,,,,,,,,,,,,,,,,,,,,,,,,,,,,
4/1/2022,14:37,421287,407518,13769,17747.7,,,,,,,,,,,,,,,,,,,,,,,,,,,,,,,,,,,,
4/1/2022,14:42,487535,402773,84762,17762.95,,,,,,,,,,,,,,,,,,,,,,,,,,,,,,,,,,,,
4/1/2022,14:47,458133,401496,56637,17777.45,,,,,,,,,,,,,,,,,,,,,,,,,,,,,,,,,,,,
4/1/2022,14:52,448305,407989,40316,17772.75,,,,,,,,,,,,,,,,,,,,,,,,,,,,,,,,,,,,
4/1/2022,14:57,447431,409653,37778,17775.9,,,,,,,,,,,,,,,,,,,,,,,,,,,,,,,,,,,,
4/1/2022,15:02,442772,405844,36928,17786.8,,,,,,,,,,,,,,,,,,,,,,,,,,,,,,,,,,,,
4/1/2022,15:07,434616,404673,29943,17791.15,,,,,,,,,,,,,,,,,,,,,,,,,,,,,,,,,,,,
4/1/2022,15:12,426106,405141,20965,17792.7,,,,,,,,,,,,,,,,,,,,,,,,,,,,,,,,,,,,
4/1/2022,15:17,426943,400517,26426,17795.35,,,,,,,,,,,,,,,,,,,,,,,,,,,,,,,,,,,,
4/1/2022,15:22,398316,321164,77152,17820.75,,,,,,,,,,,,,,,,,,,,,,,,,,,,,,,,,,,,
4/1/2022,15:27,385683,315476,70207,17817.9,,,,,,,,,,,,,,,,,,,,,,,,,,,,,,,,,,,,
4/1/2022,15:32,386476,307153,79323,17809.05,,,,,,,,,,,,,,,,,,,,,,,,,,,,,,,,,,,,
5/1/2022,9:20,405655,373000,32655,17793.4,,,,,,,,,,,,,,,,,,,,,,,,,,,,,,,,,,,,
5/1/2022,9:25,440885,366054,74831,17814.3,,,,,,,,,,,,,,,,,,,,,,,,,,,,,,,,,,,,
5/1/2022,9:30,475388,407422,67966,17824.1,,,,,,,,,,,,,,,,,,,,,,,,,,,,,,,,,,,,
5/1/2022,9:35,482771,434205,48566,17795.6,,,,,,,,,,,,,,,,,,,,,,,,,,,,,,,,,,,,
5/1/2022,9:40,494194,435123,59071,17770.4,,,,,,,,,,,,,,,,,,,,,,,,,,,,,,,,,,,,
5/1/2022,9:45,516540,428596,87944,17782.95,,,,,,,,,,,,,,,,,,,,,,,,,,,,,,,,,,,,
5/1/2022,9:50,547770,415718,132052,17824.7,,,,,,,,,,,,,,,,,,,,,,,,,,,,,,,,,,,,
5/1/2022,9:55,543682,425375,118307,17813.65,,,,,,,,,,,,,,,,,,,,,,,,,,,,,,,,,,,,
5/1/2022,10:00,547654,430374,117280,17831.2,,,,,,,,,,,,,,,,,,,,,,,,,,,,,,,,,,,,
5/1/2022,10:05,537579,435170,102409,17838.5,,,,,,,,,,,,,,,,,,,,,,,,,,,,,,,,,,,,
5/1/2022,10:10,541478,434824,106654,17835.3,,,,,,,,,,,,,,,,,,,,,,,,,,,,,,,,,,,,
5/1/2022,10:15,537694,439338,98356,17849.45,,,,,,,,,,,,,,,,,,,,,,,,,,,,,,,,,,,,
5/1/2022,10:20,539836,445153,94683,17847.65,,,,,,,,,,,,,,,,,,,,,,,,,,,,,,,,,,,,
5/1/2022,10:25,541765,447809,93956,17834.3,,,,,,,,,,,,,,,,,,,,,,,,,,,,,,,,,,,,
5/1/2022,10:30,547615,448247,99368,17830.85,,,,,,,,,,,,,,,,,,,,,,,,,,,,,,,,,,,,
5/1/2022,10:35,547232,447003,100229,17833.8,,,,,,,,,,,,,,,,,,,,,,,,,,,,,,,,,,,,
5/1/2022,10:40,549716,449376,100340,17821.0,,,,,,,,,,,,,,,,,,,,,,,,,,,,,,,,,,,,
5/1/2022,10:45,555038,449474,105564,17823.95,,,,,,,,,,,,,,,,,,,,,,,,,,,,,,,,,,,,
5/1/2022,10:50,558504,449699,108805,17814.45,,,,,,,,,,,,,,,,,,,,,,,,,,,,,,,,,,,,
5/1/2022,10:55,562109,445629,116480,17810.1,,,,,,,,,,,,,,,,,,,,,,,,,,,,,,,,,,,,
5/1/2022,11:00,527971,449355,78616,17791.4,,,,,,,,,,,,,,,,,,,,,,,,,,,,,,,,,,,,
5/1/2022,11:05,580373,431719,148654,17807.7,,,,,,,,,,,,,,,,,,,,,,,,,,,,,,,,,,,,
5/1/2022,11:10,583041,433099,149942,17810.5,,,,,,,,,,,,,,,,,,,,,,,,,,,,,,,,,,,,
5/1/2022,11:15,589930,435128,154802,17804.3,,,,,,,,,,,,,,,,,,,,,,,,,,,,,,,,,,,,
5/1/2022,11:20,554437,444120,110317,17793.0,,,,,,,,,,,,,,,,,,,,,,,,,,,,,,,,,,,,
5/1/2022,11:25,600275,439183,161092,17822.8,,,,,,,,,,,,,,,,,,,,,,,,,,,,,,,,,,,,
5/1/2022,11:30,580118,443596,136522,17846.15,,,,,,,,,,,,,,,,,,,,,,,,,,,,,,,,,,,,
5/1/2022,11:35,571151,454286,116865,17835.6,,,,,,,,,,,,,,,,,,,,,,,,,,,,,,,,,,,,
5/1/2022,11:40,573051,457383,115668,17837.45,,,,,,,,,,,,,,,,,,,,,,,,,,,,,,,,,,,,
5/1/2022,11:45,579919,461657,118262,17838.15,,,,,,,,,,,,,,,,,,,,,,,,,,,,,,,,,,,,
5/1/2022,11:50,580588,463631,116957,17826.1,,,,,,,,,,,,,,,,,,,,,,,,,,,,,,,,,,,,
5/1/2022,11:55,582365,467245,115120,17842.8,,,,,,,,,,,,,,,,,,,,,,,,,,,,,,,,,,,,
5/1/2022,12:00,578788,473517,105271,17846.35,,,,,,,,,,,,,,,,,,,,,,,,,,,,,,,,,,,,
5/1/2022,12:05,578963,482104,96859,17847.9,,,,,,,,,,,,,,,,,,,,,,,,,,,,,,,,,,,,
5/1/2022,12:10,579197,481985,97212,17849.0,,,,,,,,,,,,,,,,,,,,,,,,,,,,,,,,,,,,
5/1/2022,12:15,541439,473724,67715,17862.3,,,,,,,,,,,,,,,,,,,,,,,,,,,,,,,,,,,,
5/1/2022,12:20,520023,473025,46998,17869.75,,,,,,,,,,,,,,,,,,,,,,,,,,,,,,,,,,,,
5/1/2022,12:37,518540,487567,30973,17884.95,,,,,,,,,,,,,,,,,,,,,,,,,,,,,,,,,,,,
5/1/2022,12:42,498361,480876,17485,17884.3,,,,,,,,,,,,,,,,,,,,,,,,,,,,,,,,,,,,
5/1/2022,12:47,494313,485618,8695,17893.0,,,,,,,,,,,,,,,,,,,,,,,,,,,,,,,,,,,,
5/1/2022,12:52,493886,489290,4596,17892.3,,,,,,,,,,,,,,,,,,,,,,,,,,,,,,,,,,,,
5/1/2022,12:57,454000,443332,10668,17912.7,,,,,,,,,,,,,,,,,,,,,,,,,,,,,,,,,,,,
5/1/2022,13:02,447400,441658,5742,17906.5,,,,,,,,,,,,,,,,,,,,,,,,,,,,,,,,,,,,
5/1/2022,13:07,455877,446171,9706,17906.8,,,,,,,,,,,,,,,,,,,,,,,,,,,,,,,,,,,,
5/1/2022,13:12,462634,442391,20243,17917.3,,,,,,,,,,,,,,,,,,,,,,,,,,,,,,,,,,,,
5/1/2022,13:17,457429,443146,14283,17925.2,,,,,,,,,,,,,,,,,,,,,,,,,,,,,,,,,,,,
5/1/2022,13:22,454028,445787,8241,17914.9,,,,,,,,,,,,,,,,,,,,,,,,,,,,,,,,,,,,
5/1/2022,13:27,456488,439133,17355,17904.5,,,,,,,,,,,,,,,,,,,,,,,,,,,,,,,,,,,,
5/1/2022,13:32,463735,442378,21357,17910.8,,,,,,,,,,,,,,,,,,,,,,,,,,,,,,,,,,,,
5/1/2022,13:37,458783,444439,14344,17919.0,,,,,,,,,,,,,,,,,,,,,,,,,,,,,,,,,,,,
5/1/2022,13:42,459481,446422,13059,17926.75,,,,,,,,,,,,,,,,,,,,,,,,,,,,,,,,,,,,
5/1/2022,13:47,458906,447404,11502,17929.05,,,,,,,,,,,,,,,,,,,,,,,,,,,,,,,,,,,,
5/1/2022,13:52,467548,458667,8881,17919.4,,,,,,,,,,,,,,,,,,,,,,,,,,,,,,,,,,,,
5/1/2022,13:57,469375,457034,12341,17930.3,,,,,,,,,,,,,,,,,,,,,,,,,,,,,,,,,,,,
5/1/2022,14:02,469964,458463,11501,17929.35,,,,,,,,,,,,,,,,,,,,,,,,,,,,,,,,,,,,
5/1/2022,14:07,474143,474434,291,17924.8,,,,,,,,,,,,,,,,,,,,,,,,,,,,,,,,,,,,
5/1/2022,14:12,481131,480102,1029,17921.8,,,,,,,,,,,,,,,,,,,,,,,,,,,,,,,,,,,,
5/1/2022,14:17,484693,481411,3282,17912.35,,,,,,,,,,,,,,,,,,,,,,,,,,,,,,,,,,,,
5/1/2022,14:22,486401,482052,4349,17923.85,,,,,,,,,,,,,,,,,,,,,,,,,,,,,,,,,,,,
5/1/2022,14:27,482511,487412,4901,17932.3,,,,,,,,,,,,,,,,,,,,,,,,,,,,,,,,,,,,
5/1/2022,14:32,488041,486438,1603,17920.5,,,,,,,,,,,,,,,,,,,,,,,,,,,,,,,,,,,,
5/1/2022,14:37,496773,483552,13221,17930.05,,,,,,,,,,,,,,,,,,,,,,,,,,,,,,,,,,,,
5/1/2022,14:42,496855,486034,10821,17923.4,,,,,,,,,,,,,,,,,,,,,,,,,,,,,,,,,,,,
5/1/2022,14:47,495833,484032,11801,17929.15,,,,,,,,,,,,,,,,,,,,,,,,,,,,,,,,,,,,
5/1/2022,14:52,501502,486296,15206,17921.55,,,,,,,,,,,,,,,,,,,,,,,,,,,,,,,,,,,,
5/1/2022,14:57,509107,480804,28303,17902.55,,,,,,,,,,,,,,,,,,,,,,,,,,,,,,,,,,,,
5/1/2022,15:02,501070,473729,27341,17893.3,,,,,,,,,,,,,,,,,,,,,,,,,,,,,,,,,,,,
5/1/2022,15:07,510005,477954,32051,17940.6,,,,,,,,,,,,,,,,,,,,,,,,,,,,,,,,,,,,
5/1/2022,15:12,487965,470163,17802,17927.6,,,,,,,,,,,,,,,,,,,,,,,,,,,,,,,,,,,,
5/1/2022,15:17,489966,462946,27020,17934.5,,,,,,,,,,,,,,,,,,,,,,,,,,,,,,,,,,,,
5/1/2022,15:22,484900,455116,29784,17925.3,,,,,,,,,,,,,,,,,,,,,,,,,,,,,,,,,,,,
5/1/2022,15:27,473952,444544,29408,17909.2,,,,,,,,,,,,,,,,,,,,,,,,,,,,,,,,,,,,
5/1/2022,15:32,471362,436383,34979,17909.5,,,,,,,,,,,,,,,,,,,,,,,,,,,,,,,,,,,,
5/1/2022,15:37,471362,436383,34979,17925.25,,,,,,,,,,,,,,,,,,,,,,,,,,,,,,,,,,,,
6/1/2022,9:20,407592,415213,7621,17750.15,,,,,,,,,,,,,,,,,,,,,,,,,,,,,,,,,,,,
6/1/2022,9:25,486408,448715,37693,17780.8,,,,,,,,,,,,,,,,,,,,,,,,,,,,,,,,,,,,
6/1/2022,9:30,549328,477373,71955,17751.35,,,,,,,,,,,,,,,,,,,,,,,,,,,,,,,,,,,,
6/1/2022,9:35,439309,439451,142,17705.7,,,,,,,,,,,,,,,,,,,,,,,,,,,,,,,,,,,,
6/1/2022,9:40,448242,374997,73245,17687.3,,,,,,,,,,,,,,,,,,,,,,,,,,,,,,,,,,,,
6/1/2022,9:45,543223,443408,99815,17734.3,,,,,,,,,,,,,,,,,,,,,,,,,,,,,,,,,,,,
6/1/2022,9:50,542573,466200,76373,17728.5,,,,,,,,,,,,,,,,,,,,,,,,,,,,,,,,,,,,
6/1/2022,9:55,563585,470120,93465,17708.6,,,,,,,,,,,,,,,,,,,,,,,,,,,,,,,,,,,,
6/1/2022,10:00,600030,483472,116558,17708.65,,,,,,,,,,,,,,,,,,,,,,,,,,,,,,,,,,,,
6/1/2022,10:05,613363,508390,104973,17724.75,,,,,,,,,,,,,,,,,,,,,,,,,,,,,,,,,,,,
6/1/2022,10:10,615063,518154,96909,17731.25,,,,,,,,,,,,,,,,,,,,,,,,,,,,,,,,,,,,
6/1/2022,10:15,627805,528979,98826,17717.35,,,,,,,,,,,,,,,,,,,,,,,,,,,,,,,,,,,,
6/1/2022,10:20,640279,536416,103863,17708.35,,,,,,,,,,,,,,,,,,,,,,,,,,,,,,,,,,,,
6/1/2022,10:25,657398,541571,115827,17714.2,,,,,,,,,,,,,,,,,,,,,,,,,,,,,,,,,,,,
6/1/2022,10:30,680437,543127,137310,17703.9,,,,,,,,,,,,,,,,,,,,,,,,,,,,,,,,,,,,
6/1/2022,10:35,642923,513812,129111,17690.6,,,,,,,,,,,,,,,,,,,,,,,,,,,,,,,,,,,,
6/1/2022,10:40,722745,537994,184751,17702.55,,,,,,,,,,,,,,,,,,,,,,,,,,,,,,,,,,,,
6/1/2022,10:45,682942,525630,157312,17674.25,,,,,,,,,,,,,,,,,,,,,,,,,,,,,,,,,,,,
6/1/2022,10:50,693138,520667,172471,17674.65,,,,,,,,,,,,,,,,,,,,,,,,,,,,,,,,,,,,
6/1/2022,10:55,714861,529030,185831,17687.25,,,,,,,,,,,,,,,,,,,,,,,,,,,,,,,,,,,,
6/1/2022,11:00,718735,542655,176080,17678.3,,,,,,,,,,,,,,,,,,,,,,,,,,,,,,,,,,,,
6/1/2022,11:05,722699,548170,174529,17689.25,,,,,,,,,,,,,,,,,,,,,,,,,,,,,,,,,,,,
6/1/2022,11:10,730105,555112,174993,17691.55,,,,,,,,,,,,,,,,,,,,,,,,,,,,,,,,,,,,
6/1/2022,11:15,738956,560232,178724,17683.45,,,,,,,,,,,,,,,,,,,,,,,,,,,,,,,,,,,,
6/1/2022,11:20,750447,561514,188933,17691.5,,,,,,,,,,,,,,,,,,,,,,,,,,,,,,,,,,,,
6/1/2022,11:25,734350,565451,168899,17698.3,,,,,,,,,,,,,,,,,,,,,,,,,,,,,,,,,,,,
6/1/2022,11:30,745063,568965,176098,17697.25,,,,,,,,,,,,,,,,,,,,,,,,,,,,,,,,,,,,
6/1/2022,11:35,801358,582134,219224,17701.85,,,,,,,,,,,,,,,,,,,,,,,,,,,,,,,,,,,,
6/1/2022,11:40,805849,585580,220269,17701.95,,,,,,,,,,,,,,,,,,,,,,,,,,,,,,,,,,,,
6/1/2022,11:45,765671,571306,194365,17690.95,,,,,,,,,,,,,,,,,,,,,,,,,,,,,,,,,,,,
6/1/2022,11:50,768743,574625,194118,17692.55,,,,,,,,,,,,,,,,,,,,,,,,,,,,,,,,,,,,
6/1/2022,11:55,779372,577309,202063,17691.5,,,,,,,,,,,,,,,,,,,,,,,,,,,,,,,,,,,,
6/1/2022,12:00,780000,582511,197489,17695.1,,,,,,,,,,,,,,,,,,,,,,,,,,,,,,,,,,,,
6/1/2022,12:05,782487,586013,196474,17692.85,,,,,,,,,,,,,,,,,,,,,,,,,,,,,,,,,,,,
6/1/2022,12:11,773729,576551,197178,17685.3,,,,,,,,,,,,,,,,,,,,,,,,,,,,,,,,,,,,
6/1/2022,12:16,776232,581785,194447,17685.7,,,,,,,,,,,,,,,,,,,,,,,,,,,,,,,,,,,,
6/1/2022,12:21,779122,583567,195555,17669.9,,,,,,,,,,,,,,,,,,,,,,,,,,,,,,,,,,,,
6/1/2022,12:26,786543,582548,203995,17663.35,,,,,,,,,,,,,,,,,,,,,,,,,,,,,,,,,,,,
6/1/2022,12:31,788890,585719,203171,17666.65,,,,,,,,,,,,,,,,,,,,,,,,,,,,,,,,,,,,
6/1/2022,12:36,788184,595031,193153,17671.3,,,,,,,,,,,,,,,,,,,,,,,,,,,,,,,,,,,,
6/1/2022,12:41,776247,599422,176825,17677.95,,,,,,,,,,,,,,,,,,,,,,,,,,,,,,,,,,,,
6/1/2022,12:46,770007,608136,161871,17686.4,,,,,,,,,,,,,,,,,,,,,,,,,,,,,,,,,,,,
6/1/2022,12:51,752331,607987,144344,17696.75,,,,,,,,,,,,,,,,,,,,,,,,,,,,,,,,,,,,
6/1/2022,12:56,763626,625099,138527,17702.25,,,,,,,,,,,,,,,,,,,,,,,,,,,,,,,,,,,,
6/1/2022,13:01,744549,632277,112272,17714.0,,,,,,,,,,,,,,,,,,,,,,,,,,,,,,,,,,,,
6/1/2022,13:06,744703,624685,120018,17711.95,,,,,,,,,,,,,,,,,,,,,,,,,,,,,,,,,,,,
6/1/2022,13:11,750990,612656,138334,17708.95,,,,,,,,,,,,,,,,,,,,,,,,,,,,,,,,,,,,
6/1/2022,13:16,749975,616503,133472,17711.5,,,,,,,,,,,,,,,,,,,,,,,,,,,,,,,,,,,,
6/1/2022,13:21,747403,613958,133445,17710.85,,,,,,,,,,,,,,,,,,,,,,,,,,,,,,,,,,,,
6/1/2022,13:26,751407,617440,133967,17716.9,,,,,,,,,,,,,,,,,,,,,,,,,,,,,,,,,,,,
6/1/2022,13:31,706990,572287,134703,17696.9,,,,,,,,,,,,,,,,,,,,,,,,,,,,,,,,,,,,
6/1/2022,13:36,741881,605738,136143,17734.85,,,,,,,,,,,,,,,,,,,,,,,,,,,,,,,,,,,,
6/1/2022,13:41,680800,609869,70931,17743.3,,,,,,,,,,,,,,,,,,,,,,,,,,,,,,,,,,,,
6/1/2022,13:46,750143,614101,136042,17751.0,,,,,,,,,,,,,,,,,,,,,,,,,,,,,,,,,,,,
6/1/2022,15:12,668689,489459,179230,17750.85,,,,,,,,,,,,,,,,,,,,,,,,,,,,,,,,,,,,
6/1/2022,15:17,520004,388173,131831,17740.45,,,,,,,,,,,,,,,,,,,,,,,,,,,,,,,,,,,,
6/1/2022,15:22,472110,361684,110426,17744.1,,,,,,,,,,,,,,,,,,,,,,,,,,,,,,,,,,,,
6/1/2022,15:27,451567,344505,107062,17743.0,,,,,,,,,,,,,,,,,,,,,,,,,,,,,,,,,,,,
6/1/2022,15:32,400110,316403,83707,17748.35,,,,,,,,,,,,,,,,,,,,,,,,,,,,,,,,,,,,
6/1/2022,15:37,400110,316403,83707,17745.9,,,,,,,,,,,,,,,,,,,,,,,,,,,,,,,,,,,,
7/1/2022,9:20,186463,136291,50172,17828.7,,,,,,,,,,,,,,,,,,,,,,,,,,,,,,,,,,,,
7/1/2022,9:25,202989,152815,50174,17839.75,,,,,,,,,,,,,,,,,,,,,,,,,,,,,,,,,,,,
7/1/2022,9:30,193820,180443,13377,17858.15,,,,,,,,,,,,,,,,,,,,,,,,,,,,,,,,,,,,
7/1/2022,9:35,201195,188677,12518,17870.8,,,,,,,,,,,,,,,,,,,,,,,,,,,,,,,,,,,,
7/1/2022,9:40,208138,198722,9416,17877.55,,,,,,,,,,,,,,,,,,,,,,,,,,,,,,,,,,,,
7/1/2022,9:45,215303,199633,15670,17885.8,,,,,,,,,,,,,,,,,,,,,,,,,,,,,,,,,,,,
7/1/2022,9:50,214611,204137,10474,17887.4,,,,,,,,,,,,,,,,,,,,,,,,,,,,,,,,,,,,
7/1/2022,9:55,214597,206735,7862,17880.55,,,,,,,,,,,,,,,,,,,,,,,,,,,,,,,,,,,,
7/1/2022,10:00,218998,212933,6065,17879.05,,,,,,,,,,,,,,,,,,,,,,,,,,,,,,,,,,,,
7/1/2022,10:05,226939,215676,11263,17888.5,,,,,,,,,,,,,,,,,,,,,,,,,,,,,,,,,,,,
7/1/2022,10:10,232180,217287,14893,17893.9,,,,,,,,,,,,,,,,,,,,,,,,,,,,,,,,,,,,
7/1/2022,10:15,235977,220040,15937,17885.4,,,,,,,,,,,,,,,,,,,,,,,,,,,,,,,,,,,,
7/1/2022,10:20,242328,222732,19596,17893.05,,,,,,,,,,,,,,,,,,,,,,,,,,,,,,,,,,,,
7/1/2022,10:25,244998,229196,15802,17887.45,,,,,,,,,,,,,,,,,,,,,,,,,,,,,,,,,,,,
7/1/2022,10:30,249317,231278,18039,17893.7,,,,,,,,,,,,,,,,,,,,,,,,,,,,,,,,,,,,
7/1/2022,10:35,250260,231282,18978,17890.7,,,,,,,,,,,,,,,,,,,,,,,,,,,,,,,,,,,,
7/1/2022,10:40,248830,233151,15679,17897.75,,,,,,,,,,,,,,,,,,,,,,,,,,,,,,,,,,,,
7/1/2022,10:45,249648,232838,16810,17887.1,,,,,,,,,,,,,,,,,,,,,,,,,,,,,,,,,,,,
7/1/2022,10:50,253506,233758,19748,17880.05,,,,,,,,,,,,,,,,,,,,,,,,,,,,,,,,,,,,
7/1/2022,10:55,256652,236285,20367,17853.5,,,,,,,,,,,,,,,,,,,,,,,,,,,,,,,,,,,,
7/1/2022,11:00,263868,239533,24335,17868.3,,,,,,,,,,,,,,,,,,,,,,,,,,,,,,,,,,,,
7/1/2022,11:05,271983,231650,40333,17837.7,,,,,,,,,,,,,,,,,,,,,,,,,,,,,,,,,,,,
7/1/2022,11:10,278988,230517,48471,17839.15,,,,,,,,,,,,,,,,,,,,,,,,,,,,,,,,,,,,
7/1/2022,11:15,283912,231269,52643,17829.35,,,,,,,,,,,,,,,,,,,,,,,,,,,,,,,,,,,,
7/1/2022,11:20,291101,228732,62369,17835.25,,,,,,,,,,,,,,,,,,,,,,,,,,,,,,,,,,,,
7/1/2022,11:25,295149,228898,66251,17834.05,,,,,,,,,,,,,,,,,,,,,,,,,,,,,,,,,,,,
7/1/2022,11:30,297339,231463,65876,17835.9,,,,,,,,,,,,,,,,,,,,,,,,,,,,,,,,,,,,
7/1/2022,11:35,289911,241356,48555,17852.5,,,,,,,,,,,,,,,,,,,,,,,,,,,,,,,,,,,,
7/1/2022,11:40,300977,231134,69843,17844.55,,,,,,,,,,,,,,,,,,,,,,,,,,,,,,,,,,,,
7/1/2022,11:45,303092,232522,70570,17832.15,,,,,,,,,,,,,,,,,,,,,,,,,,,,,,,,,,,,
7/1/2022,11:50,304933,233141,71792,17812.45,,,,,,,,,,,,,,,,,,,,,,,,,,,,,,,,,,,,
7/1/2022,11:55,299048,233246,65802,17792.15,,,,,,,,,,,,,,,,,,,,,,,,,,,,,,,,,,,,
7/1/2022,12:00,310500,222825,87675,17806.5,,,,,,,,,,,,,,,,,,,,,,,,,,,,,,,,,,,,
7/1/2022,12:05,307244,235254,71990,17795.9,,,,,,,,,,,,,,,,,,,,,,,,,,,,,,,,,,,,
7/1/2022,12:10,315810,226727,89083,17818.05,,,,,,,,,,,,,,,,,,,,,,,,,,,,,,,,,,,,
7/1/2022,12:15,318287,228260,90027,17800.85,,,,,,,,,,,,,,,,,,,,,,,,,,,,,,,,,,,,
7/1/2022,12:20,312484,240601,71883,17780.85,,,,,,,,,,,,,,,,,,,,,,,,,,,,,,,,,,,,
7/1/2022,12:25,311292,238598,72694,17798.1,,,,,,,,,,,,,,,,,,,,,,,,,,,,,,,,,,,,
7/1/2022,12:30,317944,239502,78442,17794.45,,,,,,,,,,,,,,,,,,,,,,,,,,,,,,,,,,,,
7/1/2022,12:35,320559,242415,78144,17784.8,,,,,,,,,,,,,,,,,,,,,,,,,,,,,,,,,,,,
7/1/2022,12:40,322465,240512,81953,17755.65,,,,,,,,,,,,,,,,,,,,,,,,,,,,,,,,,,,,
7/1/2022,12:45,236474,229853,6621,17746.65,,,,,,,,,,,,,,,,,,,,,,,,,,,,,,,,,,,,
7/1/2022,12:50,238569,226388,12181,17705.4,,,,,,,,,,,,,,,,,,,,,,,,,,,,,,,,,,,,
7/1/2022,12:55,251961,217820,34141,17747.9,,,,,,,,,,,,,,,,,,,,,,,,,,,,,,,,,,,,
7/1/2022,13:00,254887,223237,31650,17742.75,,,,,,,,,,,,,,,,,,,,,,,,,,,,,,,,,,,,
7/1/2022,13:05,349876,228142,121734,17772.5,,,,,,,,,,,,,,,,,,,,,,,,,,,,,,,,,,,,
7/1/2022,13:10,348449,230774,117675,17765.3,,,,,,,,,,,,,,,,,,,,,,,,,,,,,,,,,,,,
7/1/2022,13:15,352097,232767,119330,17762.45,,,,,,,,,,,,,,,,,,,,,,,,,,,,,,,,,,,,
7/1/2022,13:20,353259,234032,119227,17762.1,,,,,,,,,,,,,,,,,,,,,,,,,,,,,,,,,,,,
7/1/2022,13:25,354108,236960,117148,17767.15,,,,,,,,,,,,,,,,,,,,,,,,,,,,,,,,,,,,
7/1/2022,13:30,353541,237213,116328,17774.9,,,,,,,,,,,,,,,,,,,,,,,,,,,,,,,,,,,,
7/1/2022,13:35,353972,237179,116793,17772.45,,,,,,,,,,,,,,,,,,,,,,,,,,,,,,,,,,,,
7/1/2022,13:40,354569,239633,114936,17785.25,,,,,,,,,,,,,,,,,,,,,,,,,,,,,,,,,,,,
7/1/2022,13:45,351145,241187,109958,17790.35,,,,,,,,,,,,,,,,,,,,,,,,,,,,,,,,,,,,
7/1/2022,13:50,350849,241307,109542,17788.85,,,,,,,,,,,,,,,,,,,,,,,,,,,,,,,,,,,,
7/1/2022,13:55,350923,244061,106862,17790.9,,,,,,,,,,,,,,,,,,,,,,,,,,,,,,,,,,,,
7/1/2022,14:00,350911,243929,106982,17784.1,,,,,,,,,,,,,,,,,,,,,,,,,,,,,,,,,,,,
7/1/2022,14:05,347441,245387,102054,17776.05,,,,,,,,,,,,,,,,,,,,,,,,,,,,,,,,,,,,
7/1/2022,14:10,348705,244879,103826,17773.95,,,,,,,,,,,,,,,,,,,,,,,,,,,,,,,,,,,,
7/1/2022,14:15,251552,236960,14592,17740.25,,,,,,,,,,,,,,,,,,,,,,,,,,,,,,,,,,,,
7/1/2022,14:20,345232,243363,101869,17757.25,,,,,,,,,,,,,,,,,,,,,,,,,,,,,,,,,,,,
7/1/2022,14:25,348989,245549,103440,17753.2,,,,,,,,,,,,,,,,,,,,,,,,,,,,,,,,,,,,
7/1/2022,14:30,348658,244754,103904,17771.95,,,,,,,,,,,,,,,,,,,,,,,,,,,,,,,,,,,,
7/1/2022,14:35,346332,245535,100797,17773.5,,,,,,,,,,,,,,,,,,,,,,,,,,,,,,,,,,,,
7/1/2022,15:01,332922,245757,87165,17764.55,,,,,,,,,,,,,,,,,,,,,,,,,,,,,,,,,,,,
7/1/2022,15:06,336387,219554,116833,17810.65,,,,,,,,,,,,,,,,,,,,,,,,,,,,,,,,,,,,
7/1/2022,15:11,326948,219828,107120,17810.9,,,,,,,,,,,,,,,,,,,,,,,,,,,,,,,,,,,,
7/1/2022,15:16,302446,219112,83334,17818.15,,,,,,,,,,,,,,,,,,,,,,,,,,,,,,,,,,,,
7/1/2022,15:21,292328,215942,76386,17805.45,,,,,,,,,,,,,,,,,,,,,,,,,,,,,,,,,,,,
7/1/2022,15:26,280252,211035,69217,17827.9,,,,,,,,,,,,,,,,,,,,,,,,,,,,,,,,,,,,
7/1/2022,15:31,265422,205456,59966,17827.2,,,,,,,,,,,,,,,,,,,,,,,,,,,,,,,,,,,,
7/1/2022,15:36,265422,205456,59966,17812.7,,,,,,,,,,,,,,,,,,,,,,,,,,,,,,,,,,,,
10-1-2022,9:45,281478,214652,66826,17907.25,17900.0,17950.0,18000.0,18050.0,18100.0,18150.0,127.65,102.6,80.9,62.3,47.35,35.6,16.38,16.52,16.64,16.67,16.77,16.85,17650.0,17700.0,17750.0,17800.0,17850.0,17900.0,41.4,52.55,65.4,80.95,99.2,119.6,21.9,21.68,21.58,21.45,21.36,21.27
10-1-2022,9:56,287791,224671,63120,17920.95,17900.0,17950.0,18000.0,18050.0,18100.0,18150.0,136.1,109.15,85.8,65.9,49.9,37.05,17.88,17.76,17.62,17.51,17.37,17.36,17650.0,17700.0,17750.0,17800.0,17850.0,17900.0,36.8,46.4,57.8,71.9,88.45,107.85,21.07,20.82,20.48,20.23,19.95,19.68
10-1-2022,11:16,285816,292630,6814,17974.1,17950.0,18000.0,18050.0,18100.0,18150.0,18200.0,123.75,97.75,73.85,57.05,41.2,30.75,16.74,16.59,16.5,16.37,16.32,16.29,17700.0,17750.0,17800.0,17850.0,17900.0,17950.0,36.3,45.75,57.85,72.05,89.4,109.75,20.15,19.82,19.56,19.29,19.06,18.77
10-1-2022,11:21,290683,292351,1668,17958.1,17950.0,18000.0,18050.0,18100.0,18150.0,18200.0,117.75,92.7,69.3,51.75,38.1,28.5,16.74,16.59,16.5,16.37,16.32,16.29,17700.0,17750.0,17800.0,17850.0,17900.0,17950.0,37.95,47.9,60.25,75.35,93.0,114.1,20.15,19.82,19.56,19.29,19.06,18.77
10-1-2022,11:26,296941,291292,5649,17938.9,17900.0,17950.0,18000.0,18050.0,18100.0,18150.0,151.35,121.9,96.25,74.15,55.95,41.45,15.71,15.72,15.73,15.7,15.67,15.73,17650.0,17700.0,17750.0,17800.0,17850.0,17900.0,27.7,35.2,44.9,56.85,71.3,88.7,21.04,20.71,20.43,20.2,20.07,19.91
10-1-2022,11:31,301391,292095,9296,17938.15,17900.0,17950.0,18000.0,18050.0,18100.0,18150.0,146.15,117.4,92.4,69.5,53.35,38.45,15.71,15.72,15.73,15.7,15.67,15.73,17650.0,17700.0,17750.0,17800.0,17850.0,17900.0,29.25,36.9,46.9,59.5,74.65,92.7,21.04,20.71,20.43,20.2,20.07,19.91
10-1-2022,11:36,307306,292055,15251,17939.85,17900.0,17950.0,18000.0,18050.0,18100.0,18150.0,143.3,115.05,90.5,69.4,52.05,38.5,18.22,17.85,17.64,17.36,17.16,17.06,17650.0,17700.0,17750.0,17800.0,17850.0,17900.0,30.15,38.2,48.15,61.1,76.45,94.85,19.77,19.37,18.99,18.72,18.41,18.06
10-1-2022,11:41,309825,291276,18549,17939.55,17900.0,17950.0,18000.0,18050.0,18100.0,18150.0,148.15,118.75,93.95,72.15,54.05,39.95,18.22,17.85,17.64,17.36,17.16,17.06,17650.0,17700.0,17750.0,17800.0,17850.0,17900.0,28.4,36.15,45.7,58.05,72.8,90.6,19.77,19.37,18.99,18.72,18.41,18.06
10-1-2022,11:46,312429,291872,20557,17932.3,17900.0,17950.0,18000.0,18050.0,18100.0,18150.0,154.8,124.6,98.6,76.3,57.75,42.95,18.11,17.78,17.58,17.31,17.14,17.04,17650.0,17700.0,17750.0,17800.0,17850.0,17900.0,26.5,33.7,42.75,54.05,68.0,84.85,19.82,19.42,19.05,18.8,18.52,18.2
10-1-2022,11:51,314430,290292,24138,17918.55,17900.0,17950.0,18000.0,18050.0,18100.0,18150.0,147.35,118.5,93.35,71.65,53.95,39.95,18.11,17.78,17.58,17.31,17.14,17.04,17650.0,17700.0,17750.0,17800.0,17850.0,17900.0,28.75,36.4,46.05,58.3,72.95,90.9,19.82,19.42,19.05,18.8,18.52,18.2
10-1-2022,11:56,318614,288987,29627,17906.85,17900.0,17950.0,18000.0,18050.0,18100.0,18150.0,151.0,121.2,95.8,73.7,55.25,40.9,20.52,19.92,19.41,18.95,18.56,18.3,17650.0,17700.0,17750.0,17800.0,17850.0,17900.0,27.45,34.7,44.05,55.85,70.15,87.3,18.44,17.95,17.41,16.94,16.44,15.86
10-1-2022,12:1,322675,288117,34558,17910.95,17900.0,17950.0,18000.0,18050.0,18100.0,18150.0,126.25,100.35,78.35,59.55,44.5,33.05,20.52,19.92,19.41,18.95,18.56,18.3,17650.0,17700.0,17750.0,17800.0,17850.0,17900.0,32.25,41.3,53.0,67.5,84.65,105.35,18.44,17.95,17.41,16.94,16.44,15.86
10-1-2022,12:6,329741,288241,41500,17931.85,17900.0,17950.0,18000.0,18050.0,18100.0,18150.0,123.4,98.1,76.3,58.5,44.0,32.65,17.7,17.48,17.31,17.16,17.12,17.12,17650.0,17700.0,17750.0,17800.0,17850.0,17900.0,33.15,42.55,54.3,69.5,87.3,108.3,19.22,18.93,18.64,18.41,18.19,17.95
10-1-2022,12:11,330169,288845,41324,17936.8,17900.0,17950.0,18000.0,18050.0,18100.0,18150.0,124.65,99.4,77.9,59.05,44.35,33.05,17.7,17.48,17.31,17.16,17.12,17.12,17650.0,17700.0,17750.0,17800.0,17850.0,17900.0,33.15,42.35,54.0,68.4,86.0,106.95,19.22,18.93,18.64,18.41,18.19,17.95
10-1-2022,12:16,327753,290519,37234,17938.65,17900.0,17950.0,18000.0,18050.0,18100.0,18150.0,131.6,105.45,82.45,63.15,47.55,35.3,15.08,15.3,15.41,15.52,15.67,15.83,17650.0,17700.0,17750.0,17800.0,17850.0,17900.0,29.0,37.6,48.3,61.9,78.2,98.1,20.53,20.34,20.18,20.12,20.05,20.11
10-1-2022,12:21,323350,296168,27182,17954.8,17950.0,18000.0,18050.0,18100.0,18150.0,18200.0,109.0,85.3,65.05,48.75,36.1,26.2,15.3,15.41,15.52,15.67,15.83,15.98,17700.0,17750.0,17800.0,17850.0,17900.0,17950.0,35.95,46.1,59.3,75.55,94.35,117.05,20.34,20.18,20.12,20.05,20.11,20.17
10-1-2022,12:26,320274,303198,17076,17955.2,17950.0,18000.0,18050.0,18100.0,18150.0,18200.0,110.55,86.55,65.0,49.4,36.05,26.4,15.84,15.86,15.86,15.86,15.97,16.04,17700.0,17750.0,17800.0,17850.0,17900.0,17950.0,35.5,45.25,58.1,73.7,92.45,114.75,19.41,19.17,19.08,18.94,18.84,18.84
10-1-2022,12:42,323693,310629,13064,17958.1,17950.0,18000.0,18050.0,18100.0,18150.0,18200.0,115.2,90.55,69.2,51.6,38.2,27.6,15.91,15.93,15.84,15.84,15.94,16.01,17700.0,17750.0,17800.0,17850.0,17900.0,17950.0,32.5,41.9,54.05,68.8,86.55,107.95,19.49,19.2,19.04,0.0,18.22,18.68
10-1-2022,12:47,321763,315816,5947,17962.8,17950.0,18000.0,18050.0,18100.0,18150.0,18200.0,118.9,91.85,70.35,52.6,38.8,28.75,16.21,16.18,16.08,16.01,16.03,16.04,17700.0,17750.0,17800.0,17850.0,17900.0,17950.0,32.8,42.0,53.7,66.4,83.6,104.25,19.21,18.87,18.68,18.45,18.22,18.07
10-1-2022,12:52,322806,318938,3868,17971.05,17950.0,18000.0,18050.0,18100.0,18150.0,18200.0,117.4,90.8,69.4,51.8,38.3,28.3,15.33,16.18,16.08,16.01,16.03,15.61,17700.0,17750.0,17800.0,17850.0,17900.0,17950.0,33.35,42.7,53.7,68.3,85.6,106.7,19.21,19.41,18.68,18.45,18.22,18.07
10-1-2022,12:58,323005,320899,2106,17975.4,17950.0,18000.0,18050.0,18100.0,18150.0,18200.0,120.0,94.65,72.85,54.65,40.3,29.35,15.33,15.47,15.42,15.42,15.52,15.61,17700.0,17750.0,17800.0,17850.0,17900.0,17950.0,31.75,40.6,52.15,66.2,83.25,103.9,19.74,19.41,19.29,19.12,19.0,19.01
10-1-2022,13:3,321769,332123,10354,17959.2,17950.0,18000.0,18050.0,18100.0,18150.0,18200.0,121.6,95.85,73.65,55.2,40.8,29.6,15.33,15.47,15.42,15.42,15.52,15.61,17700.0,17750.0,17800.0,17850.0,17900.0,17950.0,31.8,40.6,52.0,66.0,82.9,103.7,19.74,19.41,19.29,19.12,19.0,19.01
10-1-2022,13:8,322942,334259,11317,17964.7,17950.0,18000.0,18050.0,18100.0,18150.0,18200.0,122.6,96.75,74.2,55.5,40.9,29.7,15.8,15.8,15.76,15.71,15.69,15.75,17700.0,17750.0,17800.0,17850.0,17900.0,17950.0,31.4,40.05,51.1,65.0,81.7,101.85,19.61,19.25,19.06,18.81,18.63,18.57
10-1-2022,13:13,325930,335604,9674,17962.8,17950.0,18000.0,18050.0,18100.0,18150.0,18200.0,121.95,96.2,73.55,55.3,40.65,29.5,15.8,15.8,15.76,15.71,15.69,15.75,17700.0,17750.0,17800.0,17850.0,17900.0,17950.0,31.95,40.5,52.1,66.15,83.0,103.8,19.61,19.25,19.06,18.81,18.63,18.57
10-1-2022,13:18,326524,337386,10862,17961.15,17950.0,18000.0,18050.0,18100.0,18150.0,18200.0,122.55,96.5,74.0,55.5,40.95,29.75,16.39,16.3,16.14,16.0,16.01,16.02,17700.0,17750.0,17800.0,17850.0,17900.0,17950.0,31.45,40.0,51.35,65.4,82.4,102.75,19.31,18.92,18.69,18.45,18.2,18.07
10-1-2022,13:23,326461,338937,12476,17958.2,17950.0,18000.0,18050.0,18100.0,18150.0,18200.0,122.6,96.95,74.55,55.9,41.2,29.85,16.59,0.0,16.31,16.18,0.0,16.13,17700.0,17750.0,17800.0,17850.0,17900.0,17950.0,31.8,40.3,51.6,65.2,82.7,103.1,0.0,18.94,18.64,0.0,18.2,18.0
10-1-2022,13:28,328631,340623,11992,17955.6,17950.0,18000.0,18050.0,18100.0,18150.0,18200.0,120.0,94.75,72.35,54.1,39.85,29.55,16.59,16.45,16.31,16.18,16.1,16.13,17700.0,17750.0,17800.0,17850.0,17900.0,17950.0,32.35,41.15,52.65,65.45,82.35,105.1,19.34,18.94,18.64,18.44,18.2,18.0
10-1-2022,13:33,330033,343427,13394,17956.8,17950.0,18000.0,18050.0,18100.0,18150.0,18200.0,122.3,96.6,73.95,55.45,40.8,29.5,16.9,16.77,16.58,16.4,16.33,16.32,17700.0,17750.0,17800.0,17850.0,17900.0,17950.0,31.8,40.15,51.35,65.6,82.25,102.65,19.09,18.66,18.39,18.13,17.86,17.69
10-1-2022,13:39,329994,342984,12990,17960.3,17950.0,18000.0,18050.0,18100.0,18150.0,18200.0,119.25,94.1,72.05,53.7,39.7,28.7,16.9,16.77,16.58,16.4,16.33,16.32,17700.0,17750.0,17800.0,17850.0,17900.0,17950.0,32.8,41.55,53.0,67.4,84.75,105.55,19.09,18.66,18.39,18.13,17.86,17.69
10-1-2022,13:44,325415,342820,17405,17970.1,17950.0,18000.0,18050.0,18100.0,18150.0,18200.0,120.85,95.45,73.45,54.8,40.75,29.15,15.64,15.65,15.58,15.53,15.6,15.67,17700.0,17750.0,17800.0,17850.0,17900.0,17950.0,31.3,39.95,50.95,64.9,82.0,102.5,19.77,19.35,19.16,18.99,18.87,18.74
10-1-2022,13:49,325885,342692,16807,17972.1,17950.0,18000.0,18050.0,18100.0,18150.0,18200.0,125.35,99.45,76.35,57.45,42.4,30.75,15.64,15.65,15.58,15.53,15.6,15.67,17700.0,17750.0,17800.0,17850.0,17900.0,17950.0,30.7,38.85,49.85,63.2,79.85,99.55,19.77,19.35,19.16,18.99,18.87,18.74
10-1-2022,13:54,321266,340537,19271,17964.55,17950.0,18000.0,18050.0,18100.0,18150.0,18200.0,126.1,99.75,76.6,57.55,42.45,30.9,16.02,16.01,15.94,15.84,15.85,15.89,17700.0,17750.0,17800.0,17850.0,17900.0,17950.0,29.75,37.7,48.55,61.7,77.8,97.25,19.47,19.06,18.8,18.56,18.3,18.2
10-1-2022,13:59,322064,339434,17370,17965.5,17950.0,18000.0,18050.0,18100.0,18150.0,18200.0,122.45,96.55,74.05,55.55,40.95,29.55,16.02,16.01,15.94,15.84,15.85,15.89,17700.0,17750.0,17800.0,17850.0,17900.0,17950.0,30.9,39.25,50.35,64.1,80.95,100.85,19.47,19.06,18.8,18.56,18.3,18.2
10-1-2022,14:4,322271,336469,14198,17978.6,17950.0,18000.0,18050.0,18100.0,18150.0,18200.0,117.55,92.4,70.8,52.8,39.0,28.15,15.84,15.78,15.7,15.66,15.69,15.72,17700.0,17750.0,17800.0,17850.0,17900.0,17950.0,31.8,40.8,52.15,66.3,84.05,105.0,19.44,19.07,18.78,18.59,18.38,18.23
10-1-2022,14:9,324873,337867,12994,17958.8,17950.0,18000.0,18050.0,18100.0,18150.0,18200.0,117.75,92.75,71.15,53.05,39.2,28.2,15.84,15.78,15.7,15.66,15.69,15.72,17700.0,17750.0,17800.0,17850.0,17900.0,17950.0,31.9,40.65,52.05,66.35,83.5,104.2,19.44,19.07,18.78,18.59,18.38,18.23
10-1-2022,14:14,325053,337142,12089,17964.1,17950.0,18000.0,18050.0,18100.0,18150.0,18200.0,121.0,95.6,73.5,54.85,40.6,29.35,16.12,16.01,15.91,15.81,15.82,15.85,17700.0,17750.0,17800.0,17850.0,17900.0,17950.0,30.75,39.1,50.0,63.75,80.85,101.1,19.35,18.97,18.68,18.45,18.28,18.11
10-1-2022,14:19,325641,336867,11226,17968.9,17950.0,18000.0,18050.0,18100.0,18150.0,18200.0,122.8,96.85,75.1,56.35,41.8,29.65,16.12,16.01,15.91,15.81,15.82,15.85,17700.0,17750.0,17800.0,17850.0,17900.0,17950.0,30.35,38.7,49.65,63.0,80.0,99.85,19.35,18.97,18.68,18.45,18.28,18.11
10-1-2022,14:24,325092,337927,12835,17960.7,17950.0,18000.0,18050.0,18100.0,18150.0,18200.0,123.85,97.5,74.9,56.0,41.3,29.85,16.49,16.36,16.2,16.07,16.02,16.01,17700.0,17750.0,17800.0,17850.0,17900.0,17950.0,30.6,38.85,49.7,63.35,79.7,99.95,19.04,18.62,18.33,18.05,17.83,17.61
10-1-2022,14:29,324642,338691,14049,17976.05,17950.0,18000.0,18050.0,18100.0,18150.0,18200.0,123.8,97.5,74.8,56.35,41.35,29.8,16.49,16.36,16.2,16.07,16.02,16.01,17700.0,17750.0,17800.0,17850.0,17900.0,17950.0,29.95,38.1,49.0,62.5,79.1,99.0,19.04,18.62,18.33,18.05,17.83,17.61
10-1-2022,14:34,320414,340949,20535,17972.95,17950.0,18000.0,18050.0,18100.0,18150.0,18200.0,122.25,96.25,73.9,55.4,40.7,29.35,15.94,15.88,15.75,15.67,15.65,15.65,17700.0,17750.0,17800.0,17850.0,17900.0,17950.0,30.5,39.05,49.9,63.45,80.3,100.45,19.38,18.95,18.69,18.44,18.21,18.04
10-1-2022,14:39,320798,340654,19856,17968.95,17950.0,18000.0,18050.0,18100.0,18150.0,18200.0,125.0,98.4,77.05,58.0,42.6,30.1,15.94,15.88,15.75,15.67,15.65,15.65,17700.0,17750.0,17800.0,17850.0,17900.0,17950.0,30.3,38.65,49.5,62.9,79.45,99.6,19.38,18.95,18.69,18.44,18.21,18.04
10-1-2022,14:44,319343,341558,22215,17975.15,17950.0,18000.0,18050.0,18100.0,18150.0,18200.0,125.5,99.0,75.95,57.0,41.8,30.15,16.31,16.16,16.03,15.93,15.91,15.86,17700.0,17750.0,17800.0,17850.0,17900.0,17950.0,29.9,37.95,48.5,61.35,77.7,97.75,19.27,18.88,18.6,18.34,18.1,17.89
10-1-2022,14:49,319020,341168,22148,17986.4,17950.0,18000.0,18050.0,18100.0,18150.0,18200.0,125.4,99.25,75.95,57.0,41.95,30.2,16.31,16.16,16.03,15.93,15.91,15.86,17700.0,17750.0,17800.0,17850.0,17900.0,17950.0,29.95,37.85,48.7,61.9,78.2,98.05,19.27,18.88,18.6,18.34,18.1,17.89
10-1-2022,14:54,311476,343430,31954,17994.3,17950.0,18000.0,18050.0,18100.0,18150.0,18200.0,136.0,108.5,84.2,63.6,47.05,34.3,15.02,15.15,15.09,15.1,15.15,15.21,17700.0,17750.0,17800.0,17850.0,17900.0,17950.0,27.35,34.75,44.9,57.2,72.7,91.3,19.83,19.42,19.21,18.99,18.85,18.79
10-1-2022,14:59,308251,342880,34629,17984.8,17950.0,18000.0,18050.0,18100.0,18150.0,18200.0,139.6,111.55,86.9,66.3,49.55,36.4,15.02,15.15,15.09,15.1,15.15,15.21,17700.0,17750.0,17800.0,17850.0,17900.0,17950.0,26.0,33.25,43.25,55.5,70.55,89.1,19.83,19.42,19.21,18.99,18.85,18.79
10-1-2022,15:4,302449,341275,38826,17992.8,17950.0,18000.0,18050.0,18100.0,18150.0,18200.0,142.5,113.7,88.8,67.55,50.5,36.95,17.34,17.18,16.91,16.74,16.62,16.55,17700.0,17750.0,17800.0,17850.0,17900.0,17950.0,25.45,32.65,42.05,53.9,68.5,86.4,18.78,18.34,18.07,17.77,17.49,17.26
10-1-2022,15:9,286789,316191,29402,18007.85,18000.0,18050.0,18100.0,18150.0,18200.0,18250.0,114.0,88.9,67.65,50.25,36.9,26.2,17.18,16.91,16.74,16.62,16.55,16.49,17750.0,17800.0,17850.0,17900.0,17950.0,18000.0,31.55,41.25,53.1,67.5,85.3,106.45,18.34,18.07,17.77,17.49,17.26,17.01
10-1-2022,15:14,284563,313727,29164,18004.1,18000.0,18050.0,18100.0,18150.0,18200.0,18250.0,115.2,90.05,68.45,51.0,37.3,26.4,16.14,16.01,15.91,15.83,15.83,15.77,17750.0,17800.0,17850.0,17900.0,17950.0,18000.0,31.8,41.15,52.8,67.35,85.0,105.75,18.78,18.52,18.26,18.05,17.83,17.68
10-1-2022,15:19,277700,308272,30572,18003.95,18000.0,18050.0,18100.0,18150.0,18200.0,18250.0,120.65,94.65,72.65,54.4,39.95,28.35,16.14,16.01,15.91,15.83,15.83,15.77,17750.0,17800.0,17850.0,17900.0,17950.0,18000.0,30.65,39.55,50.75,64.8,81.9,102.1,18.78,18.52,18.26,18.05,17.83,17.68
10-1-2022,15:24,277540,304009,26469,18002.25,18000.0,18050.0,18100.0,18150.0,18200.0,18250.0,119.3,94.1,72.25,54.3,39.95,28.5,16.78,16.57,16.41,16.26,16.18,16.06,17750.0,17800.0,17850.0,17900.0,17950.0,18000.0,31.0,40.0,51.4,65.45,82.5,102.7,18.72,18.39,18.09,17.83,17.59,17.33
10-1-2022,15:29,271883,296068,24185,18012.7,18000.0,18050.0,18100.0,18150.0,18200.0,18250.0,123.25,97.2,75.0,56.25,41.7,30.0,16.78,16.57,16.41,16.26,16.18,16.06,17750.0,17800.0,17850.0,17900.0,17950.0,18000.0,29.8,38.0,49.1,62.95,79.95,99.7,18.72,18.39,18.09,17.83,17.59,17.33
10-1-2022,15:34,269266,289843,20577,18003.3,18000.0,18050.0,18100.0,18150.0,18200.0,18250.0,124.0,99.0,77.0,58.0,42.25,31.0,17.17,16.95,16.71,16.62,16.51,16.42,17750.0,17800.0,17850.0,17900.0,17950.0,18000.0,28.45,38.3,48.0,61.15,78.0,100.85,18.49,18.14,17.76,17.49,17.19,16.87
10-1-2022,15:39,269266,289843,20577,18003.3,18000.0,18050.0,18100.0,18150.0,18200.0,18250.0,124.0,99.0,77.0,58.0,42.25,31.0,17.17,16.95,16.71,16.62,16.51,16.42,17750.0,17800.0,17850.0,17900.0,17950.0,18000.0,28.45,38.3,48.0,61.15,78.0,100.85,18.49,18.14,17.76,17.49,17.19,16.87
12-1-2022,9:20,366419,284842,81577,18146.45,18100.0,18150.0,18200.0,18250.0,18300.0,18350.0,109.3,79.65,55.8,36.45,21.85,12.05,20.14,19.79,19.74,19.42,19.08,18.48,17850.0,17900.0,17950.0,18000.0,18050.0,18100.0,9.4,13.15,18.35,26.25,37.4,51.8,24.25,23.4,22.64,22.1,21.5,20.91
12-1-2022,9:25,415467,295101,120366,18150.0,18150.0,18200.0,18250.0,18300.0,18350.0,18400.0,76.15,52.35,33.6,19.9,10.55,5.6,19.86,19.48,19.08,18.63,18.07,17.96,17900.0,17950.0,18000.0,18050.0,18100.0,18150.0,11.75,16.6,24.2,34.75,49.05,69.7,22.59,21.67,20.8,20.07,19.42,18.98
12-1-2022,9:30,443710,335215,108495,18155.4,18150.0,18200.0,18250.0,18300.0,18350.0,18400.0,80.75,55.35,35.25,20.8,11.1,5.9,19.23,18.7,18.25,17.77,17.32,17.31,17900.0,17950.0,18000.0,18050.0,18100.0,18150.0,11.25,15.45,22.1,31.35,44.95,64.25,22.59,21.44,20.56,19.76,19.02,18.65
12-1-2022,9:35,414582,345467,69115,18146.95,18100.0,18150.0,18200.0,18250.0,18300.0,18350.0,102.5,73.55,50.6,31.95,18.8,10.0,19.86,19.34,19.08,18.63,18.15,17.67,17850.0,17900.0,17950.0,18000.0,18050.0,18100.0,8.9,12.4,17.5,25.3,35.9,51.25,23.87,22.75,21.66,20.82,19.89,19.19
12-1-2022,9:40,445445,356050,89395,18145.05,18100.0,18150.0,18200.0,18250.0,18300.0,18350.0,103.4,74.2,50.55,31.95,18.7,10.0,19.91,19.66,19.32,18.88,18.42,18.03,17850.0,17900.0,17950.0,18000.0,18050.0,18100.0,8.9,12.5,17.6,25.35,35.75,51.15,23.34,22.44,21.51,20.79,20.0,19.51
12-1-2022,9:45,495032,373125,121907,18161.15,18150.0,18200.0,18250.0,18300.0,18350.0,18400.0,79.2,54.45,34.55,20.2,10.75,5.6,19.64,19.32,18.79,18.29,17.89,17.79,17900.0,17950.0,18000.0,18050.0,18100.0,18150.0,11.3,15.7,22.7,32.3,46.3,65.65,22.45,21.41,20.69,19.82,19.2,18.68
12-1-2022,9:50,489598,390600,98998,18162.2,18150.0,18200.0,18250.0,18300.0,18350.0,18400.0,80.05,54.5,34.45,19.95,10.5,5.35,19.11,18.67,18.19,17.67,17.16,17.07,17900.0,17950.0,18000.0,18050.0,18100.0,18150.0,10.15,13.75,19.95,28.4,41.35,59.7,22.18,20.94,20.04,19.07,18.33,17.71
12-1-2022,9:55,489598,390600,98998,18154.9,18150.0,18200.0,18250.0,18300.0,18350.0,18400.0,79.0,53.85,33.8,19.5,10.2,5.25,18.68,18.33,17.88,17.4,16.91,16.87,17900.0,17950.0,18000.0,18050.0,18100.0,18150.0,10.85,14.7,21.25,30.15,43.2,62.15,22.58,21.36,20.48,19.51,18.82,18.29
12-1-2022,10:0,502291,398244,104047,18164.75,18150.0,18200.0,18250.0,18300.0,18350.0,18400.0,80.75,55.45,34.4,20.0,10.2,5.2,19.11,18.58,18.02,17.45,16.95,16.9,17900.0,17950.0,18000.0,18050.0,18100.0,18150.0,10.15,13.95,20.45,29.25,42.05,60.3,22.45,21.26,20.39,19.48,18.72,18.07
12-1-2022,10:5,507582,406537,101045,18165.1,18150.0,18200.0,18250.0,18300.0,18350.0,18400.0,79.0,53.85,33.4,19.1,9.85,4.95,18.29,17.88,17.42,16.93,16.47,16.41,17900.0,17950.0,18000.0,18050.0,18100.0,18150.0,9.95,13.8,19.9,29.0,41.75,60.15,22.63,21.5,20.52,19.66,18.97,18.43
12-1-2022,10:10,511468,406703,104765,18159.6,18150.0,18200.0,18250.0,18300.0,18350.0,18400.0,77.6,52.05,32.5,18.7,9.75,5.0,18.29,17.88,17.42,16.93,16.47,16.41,17900.0,17950.0,18000.0,18050.0,18100.0,18150.0,9.95,14.2,20.75,29.8,43.05,61.8,22.63,21.5,20.52,19.66,18.97,18.43
12-1-2022,10:15,517434,412038,105396,18155.3,18150.0,18200.0,18250.0,18300.0,18350.0,18400.0,75.25,50.45,31.3,18.0,9.25,4.75,18.26,17.9,17.42,17.01,16.64,16.6,17900.0,17950.0,18000.0,18050.0,18100.0,18150.0,10.1,14.5,21.4,30.7,44.8,64.0,21.95,20.98,20.21,19.37,18.69,18.15
12-1-2022,10:20,524601,414400,110201,18151.95,18150.0,18200.0,18250.0,18300.0,18350.0,18400.0,74.6,49.95,31.05,17.75,9.2,4.65,18.26,17.9,17.42,17.01,16.64,16.6,17900.0,17950.0,18000.0,18050.0,18100.0,18150.0,10.4,14.9,21.9,31.5,45.85,65.6,21.95,20.98,20.21,19.37,18.69,18.15
12-1-2022,10:25,535917,418674,117243,18150.2,18150.0,18200.0,18250.0,18300.0,18350.0,18400.0,73.45,49.05,30.3,17.3,8.9,4.6,18.76,18.28,17.8,17.36,16.93,16.86,17900.0,17950.0,18000.0,18050.0,18100.0,18150.0,10.65,15.35,22.5,32.3,46.8,66.65,21.78,20.85,20.11,19.26,18.68,18.21
12-1-2022,10:30,532556,422901,109655,18181.05,18150.0,18200.0,18250.0,18300.0,18350.0,18400.0,80.9,55.35,33.7,19.7,10.1,4.95,18.76,18.28,17.8,17.36,16.93,16.86,17900.0,17950.0,18000.0,18050.0,18100.0,18150.0,8.8,11.95,17.8,25.75,36.9,55.15,21.78,20.85,20.11,19.26,18.68,18.21
12-1-2022,10:35,520164,427825,92339,18183.35,18150.0,18200.0,18250.0,18300.0,18350.0,18400.0,83.0,55.85,34.5,19.65,9.95,4.85,16.14,16.06,15.87,15.68,15.43,15.42,17900.0,17950.0,18000.0,18050.0,18100.0,18150.0,8.95,12.05,17.2,24.85,36.4,53.2,22.62,21.45,20.63,19.81,19.24,18.91
12-1-2022,10:40,517408,438379,79029,18182.45,18150.0,18200.0,18250.0,18300.0,18350.0,18400.0,82.1,55.25,34.05,19.2,9.9,4.85,16.14,16.06,15.87,15.68,15.43,15.42,17900.0,17950.0,18000.0,18050.0,18100.0,18150.0,8.85,11.95,17.1,24.55,36.0,53.4,22.62,21.45,20.63,19.81,19.24,18.91
12-1-2022,10:45,518807,438397,80410,18179.95,18150.0,18200.0,18250.0,18300.0,18350.0,18400.0,83.5,57.95,34.5,20.2,9.85,4.8,16.57,16.41,16.04,15.71,15.47,15.45,17900.0,17950.0,18000.0,18050.0,18100.0,18150.0,8.25,11.0,16.45,23.5,34.6,51.0,22.52,21.25,20.29,19.34,18.65,18.35
12-1-2022,10:50,511746,442283,69463,18186.35,18150.0,18200.0,18250.0,18300.0,18350.0,18400.0,84.85,57.3,35.25,19.9,10.1,4.95,16.57,16.41,16.04,15.71,15.47,15.45,17900.0,17950.0,18000.0,18050.0,18100.0,18150.0,8.65,11.65,16.1,23.0,33.75,50.4,22.52,21.25,20.29,19.34,18.65,18.35
12-1-2022,10:55,518161,444870,73291,18187.7,18150.0,18200.0,18250.0,18300.0,18350.0,18400.0,83.55,56.2,34.65,19.55,9.9,4.7,16.12,16.02,15.68,15.45,15.11,15.12,17900.0,17950.0,18000.0,18050.0,18100.0,18150.0,8.45,11.4,16.25,23.2,34.5,51.0,22.77,21.49,20.38,19.39,18.63,18.31
12-1-2022,11:0,522349,448482,73867,18192.35,18150.0,18200.0,18250.0,18300.0,18350.0,18400.0,86.05,58.0,35.95,20.15,10.15,4.8,16.12,16.02,15.68,15.45,15.11,15.12,17900.0,17950.0,18000.0,18050.0,18100.0,18150.0,8.25,10.95,15.35,21.85,32.3,48.35,22.77,21.49,20.38,19.39,18.63,18.31
12-1-2022,11:5,521384,457152,64232,18191.35,18150.0,18200.0,18250.0,18300.0,18350.0,18400.0,85.8,57.95,35.6,19.95,9.95,4.6,15.49,15.49,15.29,15.01,14.75,14.7,17900.0,17950.0,18000.0,18050.0,18100.0,18150.0,8.15,11.0,15.55,22.05,32.5,48.4,22.72,21.51,20.42,19.38,18.7,18.41
12-1-2022,11:10,520722,460402,60320,18194.5,18150.0,18200.0,18250.0,18300.0,18350.0,18400.0,86.9,58.7,36.45,20.55,10.4,4.95,15.49,15.49,15.29,15.01,14.75,14.7,17900.0,17950.0,18000.0,18050.0,18100.0,18150.0,8.25,10.85,15.1,21.45,31.55,47.55,22.72,21.51,20.42,19.38,18.7,18.41
12-1-2022,11:15,521709,463801,57908,18191.75,18150.0,18200.0,18250.0,18300.0,18350.0,18400.0,88.3,59.3,36.95,20.6,10.3,4.7,15.52,15.43,15.28,15.01,14.78,14.74,17900.0,17950.0,18000.0,18050.0,18100.0,18150.0,8.2,10.85,15.0,21.0,30.75,45.75,22.89,21.53,20.41,19.33,18.67,18.32
12-1-2022,11:20,500638,460858,39780,18201.3,18200.0,18250.0,18300.0,18350.0,18400.0,18450.0,59.4,36.55,20.6,10.3,4.9,2.5,15.43,15.28,15.01,14.78,14.74,15.2,17950.0,18000.0,18050.0,18100.0,18150.0,18200.0,10.75,15.0,21.1,31.0,46.4,67.2,21.53,20.41,19.33,18.67,18.32,18.05
12-1-2022,11:25,515530,467664,47866,18193.9,18150.0,18200.0,18250.0,18300.0,18350.0,18400.0,87.9,58.2,36.8,20.2,10.25,4.8,15.59,15.46,15.28,14.96,14.64,14.6,17900.0,17950.0,18000.0,18050.0,18100.0,18150.0,8.1,10.75,14.95,21.0,31.0,46.25,22.93,21.55,20.46,19.26,18.52,18.08
12-1-2022,11:30,519062,470321,48741,18194.6,18150.0,18200.0,18250.0,18300.0,18350.0,18400.0,86.95,58.8,36.15,20.35,10.1,4.85,15.59,15.46,15.28,14.96,14.64,14.6,17900.0,17950.0,18000.0,18050.0,18100.0,18150.0,8.2,10.75,14.95,21.05,31.1,46.15,22.93,21.55,20.46,19.26,18.52,18.08
12-1-2022,11:35,499360,477502,21858,18202.15,18200.0,18250.0,18300.0,18350.0,18400.0,18450.0,64.45,40.15,22.8,11.5,5.4,2.65,15.75,15.38,15.1,14.75,14.76,15.22,17950.0,18000.0,18050.0,18100.0,18150.0,18200.0,10.1,13.55,18.65,27.35,41.2,60.75,21.38,20.21,19.06,18.3,17.77,17.51
12-1-2022,11:40,492817,485740,7077,18212.65,18200.0,18250.0,18300.0,18350.0,18400.0,18450.0,70.7,45.85,27.1,14.2,6.95,3.5,15.75,15.38,15.1,14.75,14.76,15.22,17950.0,18000.0,18050.0,18100.0,18150.0,18200.0,9.85,13.4,18.35,26.85,40.0,58.8,21.38,20.21,19.06,18.3,17.77,17.51
12-1-2022,11:45,474310,492147,17837,18218.95,18200.0,18250.0,18300.0,18350.0,18400.0,18450.0,74.55,48.75,29.15,15.3,7.35,3.65,15.78,15.6,15.29,14.93,14.78,15.04,17950.0,18000.0,18050.0,18100.0,18150.0,18200.0,9.95,13.6,18.65,27.2,40.0,57.95,22.27,20.99,19.71,18.84,18.29,17.95
12-1-2022,11:50,480440,503506,23066,18203.2,18200.0,18250.0,18300.0,18350.0,18400.0,18450.0,69.75,45.25,26.65,13.85,6.7,3.4,15.78,15.6,15.29,14.93,14.78,15.04,17950.0,18000.0,18050.0,18100.0,18150.0,18200.0,10.35,14.4,19.95,29.1,42.5,61.8,22.27,20.99,19.71,18.84,18.29,17.95
12-1-2022,11:55,489301,502569,13268,18204.7,18200.0,18250.0,18300.0,18350.0,18400.0,18450.0,69.95,45.65,26.9,14.25,7.1,3.7,17.41,16.91,16.33,15.74,15.45,15.79,17950.0,18000.0,18050.0,18100.0,18150.0,18200.0,10.4,14.5,20.3,29.65,43.75,63.25,21.71,20.58,19.3,18.47,17.71,17.16
12-1-2022,12:0,496688,487097,9591,18197.95,18150.0,18200.0,18250.0,18300.0,18350.0,18400.0,98.4,67.85,43.5,25.4,13.3,6.55,18.06,17.41,16.91,16.33,15.74,15.45,17900.0,17950.0,18000.0,18050.0,18100.0,18150.0,7.9,10.2,14.3,20.05,29.45,43.5,23.17,21.71,20.58,19.3,18.47,17.71
12-1-2022,12:5,504453,492335,12118,18193.55,18150.0,18200.0,18250.0,18300.0,18350.0,18400.0,94.8,65.2,41.5,24.1,12.6,6.2,18.46,17.77,17.13,16.48,15.95,15.7,17900.0,17950.0,18000.0,18050.0,18100.0,18150.0,7.9,10.35,14.55,20.45,30.05,44.75,22.77,21.31,20.11,18.84,17.95,17.22
12-1-2022,12:10,508906,491578,17328,18188.2,18150.0,18200.0,18250.0,18300.0,18350.0,18400.0,92.0,63.15,40.35,23.35,12.1,5.9,18.46,17.77,17.13,16.48,15.95,15.7,17900.0,17950.0,18000.0,18050.0,18100.0,18150.0,8.1,10.6,14.95,21.25,31.25,46.25,22.77,21.31,20.11,18.84,17.95,17.22
12-1-2022,12:15,521547,490796,30751,18196.6,18150.0,18200.0,18250.0,18300.0,18350.0,18400.0,97.25,66.6,43.3,24.95,13.2,6.5,18.11,17.51,17.04,16.49,15.98,15.76,17900.0,17950.0,18000.0,18050.0,18100.0,18150.0,7.5,9.75,13.65,19.4,28.6,42.8,22.47,21.0,19.89,18.76,17.93,17.32
12-1-2022,12:20,524928,492670,32258,18194.25,18150.0,18200.0,18250.0,18300.0,18350.0,18400.0,96.55,66.35,42.5,24.75,12.85,6.35,18.11,17.51,17.04,16.49,15.98,15.76,17900.0,17950.0,18000.0,18050.0,18100.0,18150.0,7.5,9.9,13.95,19.85,29.35,43.75,22.47,21.0,19.89,18.76,17.93,17.32
12-1-2022,12:26,525938,493321,32617,18191.55,18150.0,18200.0,18250.0,18300.0,18350.0,18400.0,93.5,63.9,40.55,23.25,12.05,5.9,17.91,17.31,16.81,16.27,15.81,15.61,17900.0,17950.0,18000.0,18050.0,18100.0,18150.0,7.65,10.2,14.55,20.85,30.9,45.6,22.54,21.09,19.93,18.79,18.0,17.39
12-1-2022,12:31,529406,495353,34053,18186.15,18150.0,18200.0,18250.0,18300.0,18350.0,18400.0,92.85,63.55,40.35,23.0,11.9,5.85,17.91,17.31,16.81,16.27,15.81,15.61,17900.0,17950.0,18000.0,18050.0,18100.0,18150.0,7.65,10.2,14.45,20.85,30.75,45.45,22.54,21.09,19.93,18.79,18.0,17.39
12-1-2022,12:36,533762,494662,39100,18190.45,18150.0,18200.0,18250.0,18300.0,18350.0,18400.0,95.15,65.1,41.5,23.75,12.2,5.9,18.56,17.86,17.25,16.55,16.0,15.91,17900.0,17950.0,18000.0,18050.0,18100.0,18150.0,7.35,9.8,13.9,19.75,29.2,43.45,22.04,20.65,19.55,18.47,17.59,16.85
12-1-2022,12:44,536479,499239,37240,18190.65,18150.0,18200.0,18250.0,18300.0,18350.0,18400.0,92.4,63.35,40.05,23.0,11.75,5.65,17.61,17.03,16.63,16.04,15.49,15.32,17900.0,17950.0,18000.0,18050.0,18100.0,18150.0,7.5,10.05,14.45,20.55,30.5,45.75,22.28,20.92,19.85,18.72,17.91,17.29
12-1-2022,12:49,544609,498670,45939,18193.9,18150.0,18200.0,18250.0,18300.0,18350.0,18400.0,94.4,64.4,41.0,23.55,11.95,5.7,17.61,17.03,16.63,16.04,15.49,15.32,17900.0,17950.0,18000.0,18050.0,18100.0,18150.0,7.45,9.9,14.05,20.0,29.7,44.1,22.28,20.92,19.85,18.72,17.91,17.29
12-1-2022,12:54,544078,499925,44153,18195.15,18150.0,18200.0,18250.0,18300.0,18350.0,18400.0,94.85,64.85,41.15,23.65,12.1,5.75,17.7,17.1,16.64,16.09,15.52,15.29,17900.0,17950.0,18000.0,18050.0,18100.0,18150.0,7.45,9.8,13.95,19.85,29.45,43.85,22.33,20.95,19.86,18.74,17.95,17.31
12-1-2022,12:59,550225,499343,50882,18182.1,18150.0,18200.0,18250.0,18300.0,18350.0,18400.0,87.45,59.7,37.3,21.4,10.85,5.3,17.7,17.1,16.64,16.09,15.52,15.29,17900.0,17950.0,18000.0,18050.0,18100.0,18150.0,7.55,10.3,15.05,21.65,32.5,47.8,22.33,20.95,19.86,18.74,17.95,17.31
12-1-2022,13:4,555621,501734,53887,18183.5,18150.0,18200.0,18250.0,18300.0,18350.0,18400.0,92.0,62.6,39.6,22.65,11.4,5.55,18.22,17.62,17.09,16.51,15.91,15.73,17900.0,17950.0,18000.0,18050.0,18100.0,18150.0,7.4,9.8,14.0,20.1,29.95,44.5,21.59,20.33,19.34,18.23,17.47,16.81
12-1-2022,13:9,559164,501004,58160,18184.1,18150.0,18200.0,18250.0,18300.0,18350.0,18400.0,89.95,61.0,38.5,21.9,11.1,5.35,18.22,17.62,17.09,16.51,15.91,15.73,17900.0,17950.0,18000.0,18050.0,18100.0,18150.0,7.6,10.2,14.7,21.0,31.3,46.25,21.59,20.33,19.34,18.23,17.47,16.81
12-1-2022,13:14,553851,501343,52508,18189.5,18150.0,18200.0,18250.0,18300.0,18350.0,18400.0,91.5,62.9,39.4,22.8,11.55,5.65,17.52,16.95,16.43,15.89,15.32,15.2,17900.0,17950.0,18000.0,18050.0,18100.0,18150.0,7.15,9.6,13.6,19.6,29.5,43.95,22.15,20.64,19.47,18.32,17.52,16.78
12-1-2022,13:19,554231,498052,56179,18175.9,18150.0,18200.0,18250.0,18300.0,18350.0,18400.0,84.45,56.95,35.75,20.3,10.45,5.1,17.52,16.95,16.43,15.89,15.32,15.2,17900.0,17950.0,18000.0,18050.0,18100.0,18150.0,7.9,10.7,15.35,22.4,33.55,49.95,22.15,20.64,19.47,18.32,17.52,16.78
12-1-2022,13:24,568983,490690,78293,18173.5,18150.0,18200.0,18250.0,18300.0,18350.0,18400.0,82.7,55.35,34.6,19.8,10.15,5.1,18.28,17.74,17.25,16.77,16.26,16.26,17900.0,17950.0,18000.0,18050.0,18100.0,18150.0,7.9,10.55,15.5,22.65,34.0,50.7,21.35,19.95,19.0,17.97,17.29,16.59
12-1-2022,13:29,573611,491107,82504,18170.65,18150.0,18200.0,18250.0,18300.0,18350.0,18400.0,82.45,55.1,34.4,19.6,9.95,5.0,18.28,17.74,17.25,16.77,16.26,16.26,17900.0,17950.0,18000.0,18050.0,18100.0,18150.0,7.9,10.75,15.65,22.75,34.1,50.8,21.35,19.95,19.0,17.97,17.29,16.59
12-1-2022,13:34,578616,491194,87422,18180.15,18150.0,18200.0,18250.0,18300.0,18350.0,18400.0,84.6,56.8,35.7,20.4,10.35,5.25,18.17,17.47,17.04,16.54,16.07,16.03,17900.0,17950.0,18000.0,18050.0,18100.0,18150.0,7.5,10.05,14.5,21.1,32.15,48.15,21.34,20.0,18.96,17.91,17.2,16.56
12-1-2022,13:39,573242,490965,82277,18193.15,18150.0,18200.0,18250.0,18300.0,18350.0,18400.0,89.7,60.45,38.25,21.85,11.15,5.6,18.17,17.47,17.04,16.54,16.07,16.03,17900.0,17950.0,18000.0,18050.0,18100.0,18150.0,6.95,9.1,12.95,18.65,28.35,43.0,21.34,20.0,18.96,17.91,17.2,16.56
12-1-2022,13:44,566943,489530,77413,18191.1,18150.0,18200.0,18250.0,18300.0,18350.0,18400.0,90.35,60.85,38.05,21.6,10.9,5.3,16.17,15.92,15.7,15.41,15.08,15.13,17900.0,17950.0,18000.0,18050.0,18100.0,18150.0,6.75,8.85,12.6,18.45,28.15,42.85,22.12,20.7,19.51,18.39,17.68,17.19
12-1-2022,13:49,566683,489678,77005,18189.4,18150.0,18200.0,18250.0,18300.0,18350.0,18400.0,91.75,62.25,39.15,22.3,11.3,5.45,16.17,15.92,15.7,15.41,15.08,15.13,17900.0,17950.0,18000.0,18050.0,18100.0,18150.0,6.65,8.65,12.35,17.95,27.55,41.9,22.12,20.7,19.51,18.39,17.68,17.19
12-1-2022,13:54,566848,492182,74666,18190.75,18150.0,18200.0,18250.0,18300.0,18350.0,18400.0,88.4,60.75,37.3,21.65,10.75,5.25,16.58,16.27,15.92,15.53,15.11,15.02,17900.0,17950.0,18000.0,18050.0,18100.0,18150.0,6.65,8.9,12.8,18.75,29.05,44.1,21.84,20.33,19.16,18.09,17.45,16.96
12-1-2022,13:59,565495,492525,72970,18168.3,18150.0,18200.0,18250.0,18300.0,18350.0,18400.0,81.05,54.15,33.65,18.95,9.65,4.85,16.58,16.27,15.92,15.53,15.11,15.02,17900.0,17950.0,18000.0,18050.0,18100.0,18150.0,7.6,10.35,15.3,22.35,33.9,50.65,21.84,20.33,19.16,18.09,17.45,16.96
12-1-2022,14:4,572718,488621,84097,18174.3,18150.0,18200.0,18250.0,18300.0,18350.0,18400.0,80.7,53.6,33.25,18.65,9.35,4.75,17.17,16.71,16.36,15.96,15.58,15.72,17900.0,17950.0,18000.0,18050.0,18100.0,18150.0,7.7,10.45,15.2,22.0,33.3,49.75,21.41,20.06,19.06,18.02,17.32,16.76
12-1-2022,14:9,572994,488160,84834,18164.25,18150.0,18200.0,18250.0,18300.0,18350.0,18400.0,78.8,52.0,32.05,17.9,9.0,4.6,17.17,16.71,16.36,15.96,15.58,15.72,17900.0,17950.0,18000.0,18050.0,18100.0,18150.0,7.8,10.5,15.3,22.1,33.55,50.5,21.41,20.06,19.06,18.02,17.32,16.76
12-1-2022,14:14,574323,490697,83626,18172.5,18150.0,18200.0,18250.0,18300.0,18350.0,18400.0,81.0,53.35,32.6,18.0,8.85,4.45,17.96,17.27,16.8,16.32,15.89,15.96,17900.0,17950.0,18000.0,18050.0,18100.0,18150.0,7.3,10.0,14.55,21.0,32.15,48.3,20.95,19.57,18.48,17.34,16.61,15.86
12-1-2022,14:19,578892,489258,89634,18170.45,18150.0,18200.0,18250.0,18300.0,18350.0,18400.0,81.8,53.9,33.05,18.1,8.85,4.4,17.96,17.27,16.8,16.32,15.89,15.96,17900.0,17950.0,18000.0,18050.0,18100.0,18150.0,7.45,10.25,14.6,21.0,31.85,47.95,20.95,19.57,18.48,17.34,16.61,15.86
12-1-2022,14:25,575841,488992,86849,18184.4,18150.0,18200.0,18250.0,18300.0,18350.0,18400.0,83.0,55.0,34.0,19.05,9.5,4.6,17.56,16.87,16.4,15.85,15.39,15.48,17900.0,17950.0,18000.0,18050.0,18100.0,18150.0,6.75,9.05,13.05,19.05,29.6,45.2,21.18,19.9,18.74,17.55,16.78,16.13
12-1-2022,14:30,573485,487732,85753,18178.55,18150.0,18200.0,18250.0,18300.0,18350.0,18400.0,81.35,53.7,33.0,18.35,9.1,4.45,17.56,16.87,16.4,15.85,15.39,15.48,17900.0,17950.0,18000.0,18050.0,18100.0,18150.0,6.8,9.05,13.2,19.6,30.4,46.6,21.18,19.9,18.74,17.55,16.78,16.13
12-1-2022,14:35,571742,486244,85498,18182.25,18150.0,18200.0,18250.0,18300.0,18350.0,18400.0,81.9,54.3,33.45,18.7,9.5,4.65,16.65,16.23,15.87,15.5,15.16,15.24,17900.0,17950.0,18000.0,18050.0,18100.0,18150.0,6.5,8.6,12.45,18.55,29.4,45.55,21.01,19.54,18.42,17.42,16.81,16.36
12-1-2022,14:40,561271,487303,73968,18192.65,18150.0,18200.0,18250.0,18300.0,18350.0,18400.0,87.4,58.4,36.5,21.0,10.9,5.4,16.65,16.23,15.87,15.5,15.16,15.24,17900.0,17950.0,18000.0,18050.0,18100.0,18150.0,6.2,7.95,11.2,16.5,26.0,40.9,21.01,19.54,18.42,17.42,16.81,16.36
12-1-2022,14:45,550436,484097,66339,18195.75,18150.0,18200.0,18250.0,18300.0,18350.0,18400.0,89.25,61.85,37.15,22.25,10.65,5.1,15.94,15.68,15.51,15.35,15.11,15.16,17900.0,17950.0,18000.0,18050.0,18100.0,18150.0,5.9,7.6,11.05,16.2,25.75,40.35,21.35,19.75,18.41,17.32,16.7,16.29
12-1-2022,14:50,544711,481719,62992,18190.6,18150.0,18200.0,18250.0,18300.0,18350.0,18400.0,87.6,58.15,35.95,20.05,9.95,4.7,15.94,15.68,15.51,15.35,15.11,15.16,17900.0,17950.0,18000.0,18050.0,18100.0,18150.0,6.05,8.0,11.45,16.8,26.35,41.25,21.35,19.75,18.41,17.32,16.7,16.29
12-1-2022,14:55,540842,501127,39715,18200.3,18200.0,18250.0,18300.0,18350.0,18400.0,18450.0,63.8,39.95,22.7,11.3,5.4,2.6,15.88,15.57,15.19,14.83,14.78,15.28,17950.0,18000.0,18050.0,18100.0,18150.0,18200.0,7.4,10.55,15.4,24.05,37.8,57.0,19.6,18.4,17.27,16.61,16.17,15.68
12-1-2022,15:0,533900,500168,33732,18206.05,18200.0,18250.0,18300.0,18350.0,18400.0,18450.0,65.35,41.05,23.2,11.5,5.3,2.6,15.88,15.57,15.19,14.83,14.78,15.28,17950.0,18000.0,18050.0,18100.0,18150.0,18200.0,6.9,9.7,14.25,22.1,35.2,54.0,19.6,18.4,17.27,16.61,16.17,15.68
12-1-2022,15:5,533900,500168,33732,18221.55,18200.0,18250.0,18300.0,18350.0,18400.0,18450.0,66.35,41.6,23.65,11.8,5.55,2.6,15.33,15.08,14.72,14.31,14.18,14.55,17950.0,18000.0,18050.0,18100.0,18150.0,18200.0,6.75,9.65,14.1,22.05,35.1,53.9,19.9,18.63,17.51,16.71,16.3,15.94
12-1-2022,15:10,490428,490449,21,18225.7,18200.0,18250.0,18300.0,18350.0,18400.0,18450.0,70.05,44.45,25.7,13.05,6.05,2.85,15.33,15.08,14.72,14.31,14.18,14.55,17950.0,18000.0,18050.0,18100.0,18150.0,18200.0,6.6,9.05,12.85,20.1,32.4,50.05,19.9,18.63,17.51,16.71,16.3,15.94
12-1-2022,15:15,483246,478627,4619,18217.8,18200.0,18250.0,18300.0,18350.0,18400.0,18450.0,68.8,43.5,24.65,12.2,5.65,2.6,15.01,14.85,14.53,14.2,14.1,14.28,17950.0,18000.0,18050.0,18100.0,18150.0,18200.0,6.8,9.4,13.15,20.15,31.6,49.15,20.2,18.77,17.45,16.67,16.24,15.98
12-1-2022,15:20,481977,472082,9895,18209.85,18200.0,18250.0,18300.0,18350.0,18400.0,18450.0,67.3,42.3,23.75,11.55,5.3,2.5,15.01,14.85,14.53,14.2,14.1,14.28,17950.0,18000.0,18050.0,18100.0,18150.0,18200.0,7.0,9.6,13.65,21.0,32.95,51.15,20.2,18.77,17.45,16.67,16.24,15.98
12-1-2022,15:25,485181,467647,17534,18207.3,18200.0,18250.0,18300.0,18350.0,18400.0,18450.0,64.0,39.8,22.6,11.2,5.15,2.35,15.97,15.52,14.99,14.39,14.21,14.46,17950.0,18000.0,18050.0,18100.0,18150.0,18200.0,7.1,9.8,13.95,22.0,34.8,53.8,20.04,18.64,17.28,16.34,15.62,15.2
12-1-2022,15:30,459886,425808,34078,18194.75,18150.0,18200.0,18250.0,18300.0,18350.0,18400.0,90.1,60.15,37.3,21.05,10.3,4.7,16.56,15.97,15.52,14.99,14.39,14.21,17900.0,17950.0,18000.0,18050.0,18100.0,18150.0,5.9,7.95,11.4,16.6,25.7,40.05,21.59,20.04,18.64,17.28,16.34,15.62
12-1-2022,15:35,471559,424129,47430,18212.35,18200.0,18250.0,18300.0,18350.0,18400.0,18450.0,60.5,37.8,21.0,10.7,4.95,2.35,16.02,15.65,15.28,14.79,14.54,14.71,17950.0,18000.0,18050.0,18100.0,18150.0,18200.0,7.6,11.35,15.85,25.45,39.35,60.0,19.84,18.62,17.48,16.64,16.11,15.69
13-1-2022,9:44,682336,571158,111178,18268.2,18250.0,18300.0,18350.0,18400.0,18450.0,18500.0,44.9,21.15,7.1,1.8,0.85,0.7,8.6,8.73,8.43,8.39,9.52,11.45,18000.0,18050.0,18100.0,18150.0,18200.0,18250.0,1.95,2.55,4.15,8.0,16.35,31.1,15.45,13.77,12.68,11.93,11.44,10.96
13-1-2022,9:49,690464,583802,106662,18261.75,18250.0,18300.0,18350.0,18400.0,18450.0,18500.0,44.5,20.65,6.75,1.8,0.8,0.7,0.0,9.8,0.0,0.0,9.78,11.48,18000.0,18050.0,18100.0,18150.0,18200.0,18250.0,1.8,2.35,3.8,7.4,15.8,30.55,15.13,0.0,11.86,0.0,0.0,0.0
13-1-2022,9:54,710509,601674,108835,18250.55,18250.0,18300.0,18350.0,18400.0,18450.0,18500.0,39.25,17.2,5.15,1.6,0.8,0.75,9.69,9.3,8.69,8.67,9.86,11.68,18000.0,18050.0,18100.0,18150.0,18200.0,18250.0,1.9,2.55,4.5,9.05,18.4,35.45,14.98,13.39,12.12,11.19,10.64,9.92
13-1-2022,9:59,661036,575012,86024,18245.5,18200.0,18250.0,18300.0,18350.0,18400.0,18450.0,69.0,36.0,15.35,4.45,1.35,0.75,8.59,8.56,8.51,8.1,8.53,9.84,17950.0,18000.0,18050.0,18100.0,18150.0,18200.0,1.5,2.0,2.9,5.0,10.15,20.45,16.73,15.07,13.69,12.6,11.89,11.4
13-1-2022,10:4,685842,584315,101527,18220.9,18200.0,18250.0,18300.0,18350.0,18400.0,18450.0,54.3,26.15,10.2,2.75,1.05,0.75,10.3,9.48,9.1,8.53,8.9,10.28,17950.0,18000.0,18050.0,18100.0,18150.0,18200.0,1.65,2.4,3.7,7.0,14.15,27.85,16.1,14.59,13.03,11.92,11.22,10.61
13-1-2022,10:9,704570,563735,140835,18217.8,18200.0,18250.0,18300.0,18350.0,18400.0,18450.0,51.4,25.8,10.6,3.0,1.1,0.8,10.3,9.48,9.1,8.53,8.9,10.28,17950.0,18000.0,18050.0,18100.0,18150.0,18200.0,1.85,2.7,4.2,8.2,16.5,31.75,16.1,14.59,13.03,11.92,11.22,10.61
13-1-2022,10:14,685823,519471,166352,18188.95,18150.0,18200.0,18250.0,18300.0,18350.0,18400.0,78.6,40.35,22.45,7.5,2.6,1.1,10.74,10.38,10.06,9.86,9.52,10.36,17900.0,17950.0,18000.0,18050.0,18100.0,18150.0,1.5,2.05,3.05,4.9,9.55,18.7,16.73,15.18,13.93,12.68,12.0,11.39
13-1-2022,10:19,735308,544944,190364,18203.95,18200.0,18250.0,18300.0,18350.0,18400.0,18450.0,47.35,23.05,9.25,2.65,1.15,0.85,10.38,10.06,9.86,9.52,10.36,12.1,17950.0,18000.0,18050.0,18100.0,18150.0,18200.0,1.85,2.7,4.05,8.05,16.25,32.15,15.18,13.93,12.68,12.0,11.39,10.96
13-1-2022,10:24,747031,545345,201686,18215.2,18200.0,18250.0,18300.0,18350.0,18400.0,18450.0,44.0,21.15,8.35,2.4,1.15,0.85,10.38,10.06,9.86,9.52,10.36,12.1,17950.0,18000.0,18050.0,18100.0,18150.0,18200.0,1.8,2.7,4.3,8.8,17.6,34.55,15.18,13.93,12.68,12.0,11.39,10.96
13-1-2022,10:29,759573,555766,203807,18207.7,18200.0,18250.0,18300.0,18350.0,18400.0,18450.0,47.1,22.7,8.9,2.6,1.1,0.85,9.52,9.46,9.38,9.13,10.0,11.62,17950.0,18000.0,18050.0,18100.0,18150.0,18200.0,1.75,2.6,4.15,8.15,16.0,30.4,15.41,13.98,12.49,11.62,10.98,10.7
13-1-2022,10:34,738635,532237,206398,18199.4,18150.0,18200.0,18250.0,18300.0,18350.0,18400.0,73.0,41.15,19.35,7.5,2.25,1.05,10.73,10.35,9.95,9.77,9.47,10.54,17900.0,17950.0,18000.0,18050.0,18100.0,18150.0,1.45,1.9,3.15,5.3,10.5,20.35,16.46,14.79,13.49,12.13,11.37,10.77
13-1-2022,10:39,757216,532850,224366,18191.8,18150.0,18200.0,18250.0,18300.0,18350.0,18400.0,66.2,36.0,15.95,5.85,1.85,1.1,10.73,10.35,9.95,9.77,9.47,10.54,17900.0,17950.0,18000.0,18050.0,18100.0,18150.0,1.55,2.05,3.3,5.9,11.95,23.0,16.46,14.79,13.49,12.13,11.37,10.77
13-1-2022,10:44,764703,516392,248311,18179.9,18150.0,18200.0,18250.0,18300.0,18350.0,18400.0,59.4,31.1,13.5,5.2,1.9,1.1,12.27,11.27,10.6,10.29,10.24,11.39,17900.0,17950.0,18000.0,18050.0,18100.0,18150.0,1.55,2.0,3.3,5.8,12.55,25.55,15.62,14.02,12.74,11.53,10.74,9.95
13-1-2022,10:49,795821,537116,258705,18210.6,18200.0,18250.0,18300.0,18350.0,18400.0,18450.0,37.85,16.9,6.35,1.95,1.05,0.9,11.27,10.6,10.29,10.24,11.39,13.27,17950.0,18000.0,18050.0,18100.0,18150.0,18200.0,1.65,2.5,3.95,8.5,18.0,35.35,14.02,12.74,11.53,10.74,9.95,9.07
13-1-2022,10:54,794024,538050,255974,18214.25,18200.0,18250.0,18300.0,18350.0,18400.0,18450.0,41.65,18.8,7.25,2.2,1.1,0.85,8.83,8.87,9.0,9.16,10.43,12.35,17950.0,18000.0,18050.0,18100.0,18150.0,18200.0,1.5,2.3,3.45,7.05,14.95,30.65,14.59,13.21,11.81,11.19,10.71,10.35
13-1-2022,10:59,791083,552527,238556,18207.95,18200.0,18250.0,18300.0,18350.0,18400.0,18450.0,40.75,17.7,6.65,1.95,1.05,0.9,8.83,8.87,9.0,9.16,10.43,12.35,17950.0,18000.0,18050.0,18100.0,18150.0,18200.0,1.45,2.2,3.45,6.65,14.1,29.35,14.59,13.21,11.81,11.19,10.71,10.35
13-1-2022,11:4,793015,558102,234913,18211.4,18200.0,18250.0,18300.0,18350.0,18400.0,18450.0,41.0,17.9,6.5,1.85,1.0,0.8,7.42,7.76,8.19,8.47,9.86,11.7,17950.0,18000.0,18050.0,18100.0,18150.0,18200.0,1.45,2.25,3.6,7.1,14.55,29.45,14.84,13.61,12.27,11.45,10.83,10.56
13-1-2022,11:9,801811,571441,230370,18210.7,18200.0,18250.0,18300.0,18350.0,18400.0,18450.0,40.45,17.4,6.25,1.85,1.0,0.8,7.42,7.76,8.19,8.47,9.86,11.7,17950.0,18000.0,18050.0,18100.0,18150.0,18200.0,1.45,2.3,3.6,7.0,14.05,28.9,14.84,13.61,12.27,11.45,10.83,10.56
13-1-2022,11:14,806989,581506,225483,18212.95,18200.0,18250.0,18300.0,18350.0,18400.0,18450.0,41.2,17.8,6.45,1.85,1.05,0.75,8.22,8.24,8.47,8.6,9.98,11.78,17950.0,18000.0,18050.0,18100.0,18150.0,18200.0,1.35,2.0,3.2,6.2,12.9,26.85,14.73,13.39,11.96,11.0,10.09,9.55
13-1-2022,11:19,806265,584737,221528,18226.15,18200.0,18250.0,18300.0,18350.0,18400.0,18450.0,43.15,18.85,6.75,1.9,1.05,0.75,8.22,8.24,8.47,8.6,9.98,11.78,17950.0,18000.0,18050.0,18100.0,18150.0,18200.0,1.2,1.75,2.55,4.95,10.95,24.3,14.73,13.39,11.96,11.0,10.09,9.55
13-1-2022,11:24,805932,590325,215607,18224.25,18200.0,18250.0,18300.0,18350.0,18400.0,18450.0,46.6,20.45,7.0,1.85,0.95,0.75,7.29,7.61,7.94,8.15,9.58,11.22,17950.0,18000.0,18050.0,18100.0,18150.0,18200.0,1.2,1.75,2.5,4.65,9.85,21.6,14.67,13.22,11.62,10.56,9.87,9.5
13-1-2022,11:29,792336,596432,195904,18230.5,18200.0,18250.0,18300.0,18350.0,18400.0,18450.0,48.75,21.4,7.25,1.8,0.95,0.65,7.29,7.61,7.94,8.15,9.58,11.22,17950.0,18000.0,18050.0,18100.0,18150.0,18200.0,1.15,1.65,2.25,4.05,8.6,19.65,14.67,13.22,11.62,10.56,9.87,9.5
13-1-2022,11:34,795686,600640,195046,18227.5,18200.0,18250.0,18300.0,18350.0,18400.0,18450.0,43.8,17.75,5.6,1.4,0.8,0.6,6.93,7.18,7.38,7.53,8.96,10.55,17950.0,18000.0,18050.0,18100.0,18150.0,18200.0,1.15,1.85,2.8,5.3,10.7,22.75,15.11,13.63,11.99,10.7,9.72,9.24
13-1-2022,11:39,799508,605564,193944,18223.7,18200.0,18250.0,18300.0,18350.0,18400.0,18450.0,44.1,17.55,5.45,1.3,0.65,0.55,6.93,7.18,7.38,7.53,8.96,10.55,17950.0,18000.0,18050.0,18100.0,18150.0,18200.0,1.15,1.75,2.6,4.85,9.6,21.95,15.11,13.63,11.99,10.7,9.72,9.24
13-1-2022,11:44,796631,607166,189465,18227.0,18200.0,18250.0,18300.0,18350.0,18400.0,18450.0,48.0,19.75,6.05,1.4,0.65,0.5,7.45,7.19,7.33,7.51,8.84,10.7,17950.0,18000.0,18050.0,18100.0,18150.0,18200.0,1.05,1.6,2.3,4.0,8.25,18.6,14.6,13.25,11.79,10.54,9.52,8.92
13-1-2022,11:49,794567,607290,187277,18234.3,18200.0,18250.0,18300.0,18350.0,18400.0,18450.0,49.8,20.95,6.6,1.5,0.7,0.5,7.45,7.19,7.33,7.51,8.84,10.7,17950.0,18000.0,18050.0,18100.0,18150.0,18200.0,1.0,1.5,2.15,3.8,7.65,17.8,14.6,13.25,11.79,10.54,9.52,8.92
13-1-2022,11:54,785897,611847,174050,18237.9,18200.0,18250.0,18300.0,18350.0,18400.0,18450.0,52.15,22.15,6.75,1.4,0.65,0.5,6.11,6.55,6.77,7.0,8.21,9.82,17950.0,18000.0,18050.0,18100.0,18150.0,18200.0,1.0,1.5,2.05,3.5,6.85,16.75,14.9,13.4,11.97,10.67,9.61,9.18
13-1-2022,11:59,778018,622977,155041,18245.9,18200.0,18250.0,18300.0,18350.0,18400.0,18450.0,55.35,23.75,7.45,1.5,0.65,0.5,6.11,6.55,6.77,7.0,8.21,9.82,17950.0,18000.0,18050.0,18100.0,18150.0,18200.0,1.05,1.45,1.95,2.9,5.35,13.9,14.9,13.4,11.97,10.67,9.61,9.18
13-1-2022,12:4,779579,637645,141934,18243.05,18200.0,18250.0,18300.0,18350.0,18400.0,18450.0,56.45,21.55,6.95,1.25,0.6,0.4,5.25,6.01,6.42,6.49,7.85,9.49,17950.0,18000.0,18050.0,18100.0,18150.0,18200.0,1.05,1.55,2.15,3.05,6.15,13.2,15.36,13.85,12.14,10.6,9.24,8.89
13-1-2022,12:9,757843,646424,111419,18247.75,18200.0,18250.0,18300.0,18350.0,18400.0,18450.0,56.15,23.9,7.4,1.35,0.55,0.4,5.25,6.01,6.42,6.49,7.85,9.49,17950.0,18000.0,18050.0,18100.0,18150.0,18200.0,1.2,1.65,2.1,3.4,6.15,14.35,15.36,13.85,12.14,10.6,9.24,8.89
13-1-2022,12:14,764492,651909,112583,18242.8,18200.0,18250.0,18300.0,18350.0,18400.0,18450.0,55.05,23.15,7.05,1.3,0.55,0.4,6.18,6.3,6.43,6.46,7.71,9.55,17950.0,18000.0,18050.0,18100.0,18150.0,18200.0,1.1,1.5,2.05,3.3,5.95,14.4,15.62,14.03,12.19,10.72,9.35,8.69
13-1-2022,12:19,824173,671359,152814,18254.4,18250.0,18300.0,18350.0,18400.0,18450.0,18500.0,26.05,7.45,1.45,0.6,0.4,0.45,6.3,6.43,6.46,7.71,9.55,11.55,18000.0,18050.0,18100.0,18150.0,18200.0,18250.0,1.5,1.85,2.7,4.7,12.6,27.3,14.03,12.19,10.72,9.35,8.69,8.29
13-1-2022,12:24,772335,661933,110402,18241.95,18200.0,18250.0,18300.0,18350.0,18400.0,18450.0,55.5,23.0,7.15,1.35,0.55,0.4,5.19,5.77,6.2,6.29,7.49,9.34,17950.0,18000.0,18050.0,18100.0,18150.0,18200.0,1.1,1.5,2.0,3.15,5.9,14.05,15.63,14.03,12.33,10.68,9.28,8.65
13-1-2022,12:32,776111,663806,112305,18239.85,18200.0,18250.0,18300.0,18350.0,18400.0,18450.0,44.7,16.8,5.15,1.25,0.55,0.45,5.19,5.77,6.2,6.69,7.87,9.34,17950.0,18000.0,18050.0,18100.0,18150.0,18200.0,1.15,1.5,2.2,3.8,7.4,17.9,15.63,13.63,11.96,10.48,9.28,8.65
13-1-2022,12:37,778369,654784,123585,18226.8,18200.0,18250.0,18300.0,18350.0,18400.0,18450.0,43.7,16.45,4.65,1.1,0.55,0.5,5.76,6.03,6.41,6.69,7.87,9.54,17950.0,18000.0,18050.0,18100.0,18150.0,18200.0,0.95,1.3,1.9,3.45,7.15,18.0,15.26,13.63,11.96,10.48,9.16,8.56
13-1-2022,12:42,784011,646070,137941,18221.9,18200.0,18250.0,18300.0,18350.0,18400.0,18450.0,40.4,15.2,4.4,1.05,0.55,0.5,5.76,6.03,6.41,6.69,7.87,9.54,17950.0,18000.0,18050.0,18100.0,18150.0,18200.0,0.95,1.35,2.0,3.65,7.7,19.4,15.26,13.63,11.96,10.48,9.16,8.56
13-1-2022,12:47,780940,632395,148545,18230.5,18200.0,18250.0,18300.0,18350.0,18400.0,18450.0,45.3,17.7,5.2,1.1,0.55,0.4,6.74,6.65,6.83,7.36,8.69,10.48,17950.0,18000.0,18050.0,18100.0,18150.0,18200.0,0.8,1.1,1.5,2.5,5.1,15.2,14.21,12.67,11.06,9.85,8.6,8.09
13-1-2022,12:52,781680,632168,149512,18217.05,18200.0,18250.0,18300.0,18350.0,18400.0,18450.0,38.2,14.1,4.25,1.05,0.55,0.45,6.74,6.65,6.83,7.36,8.69,10.48,17950.0,18000.0,18050.0,18100.0,18150.0,18200.0,0.8,1.1,1.65,3.2,7.35,19.75,14.21,12.67,11.06,9.85,8.6,8.09
13-1-2022,12:57,795650,621416,174234,18209.35,18200.0,18250.0,18300.0,18350.0,18400.0,18450.0,38.8,14.05,4.05,1.0,0.6,0.45,6.08,6.44,6.87,7.47,8.84,10.62,17950.0,18000.0,18050.0,18100.0,18150.0,18200.0,0.8,1.15,1.75,2.9,7.2,18.05,13.6,12.01,10.55,9.35,8.16,8.09
13-1-2022,13:2,801182,624666,176516,18210.6,18200.0,18250.0,18300.0,18350.0,18400.0,18450.0,35.95,12.8,3.7,0.95,0.55,0.5,6.69,6.67,7.06,7.43,8.99,10.76,17950.0,18000.0,18050.0,18100.0,18150.0,18200.0,0.8,1.15,1.8,3.4,7.9,20.7,13.19,12.01,10.38,9.12,8.03,7.61
13-1-2022,13:7,801479,624683,176796,18218.5,18200.0,18250.0,18300.0,18350.0,18400.0,18450.0,36.2,12.9,3.7,0.95,0.6,0.5,6.69,6.67,7.06,7.43,8.99,10.76,17950.0,18000.0,18050.0,18100.0,18150.0,18200.0,0.75,1.1,1.6,3.05,7.0,19.8,13.19,11.85,10.38,9.12,8.03,7.61
13-1-2022,13:12,805853,624524,181329,18211.15,18200.0,18250.0,18300.0,18350.0,18400.0,18450.0,35.15,11.9,3.3,0.9,0.55,0.5,7.11,6.78,7.08,7.6,9.34,10.98,17950.0,18000.0,18050.0,18100.0,18150.0,18200.0,0.8,1.1,1.7,3.1,7.35,19.0,13.22,11.7,10.17,8.81,7.62,7.06
13-1-2022,13:17,806404,623912,182492,18210.9,18200.0,18250.0,18300.0,18350.0,18400.0,18450.0,31.95,10.35,2.95,0.9,0.5,0.4,7.11,6.78,7.08,7.6,9.34,10.98,17950.0,18000.0,18050.0,18100.0,18150.0,18200.0,0.8,1.15,1.8,3.55,7.9,21.25,13.22,11.7,10.17,8.81,7.62,7.06
13-1-2022,13:22,804395,604980,199415,18204.15,18200.0,18250.0,18300.0,18350.0,18400.0,18450.0,24.15,6.7,1.9,0.8,0.55,0.45,7.11,6.78,7.08,7.6,9.34,10.98,17950.0,18000.0,18050.0,18100.0,18150.0,18200.0,0.8,1.3,2.15,4.45,10.6,27.3,13.22,11.7,10.17,8.81,7.62,7.06
13-1-2022,13:27,784847,539881,244966,18188.0,18150.0,18200.0,18250.0,18300.0,18350.0,18400.0,54.95,22.2,5.5,1.45,0.8,0.55,6.6,6.34,6.22,6.84,7.64,9.27,17900.0,17950.0,18000.0,18050.0,18100.0,18150.0,0.6,0.75,1.25,1.95,4.15,10.6,14.6,12.92,11.67,10.02,8.73,7.63
13-1-2022,13:32,784680,538293,246387,18194.55,18150.0,18200.0,18250.0,18300.0,18350.0,18400.0,63.55,27.0,7.2,1.95,0.85,0.55,6.6,6.18,6.22,6.84,7.64,9.27,17900.0,17950.0,18000.0,18050.0,18100.0,18150.0,0.5,0.65,1.0,1.65,3.15,7.6,14.6,12.92,11.67,10.02,8.73,7.63
13-1-2022,13:39,793007,596153,196854,18225.25,18200.0,18250.0,18300.0,18350.0,18400.0,18450.0,35.4,11.5,2.7,0.95,0.6,0.45,6.18,6.06,6.88,8.07,9.8,11.7,17950.0,18000.0,18050.0,18100.0,18150.0,18200.0,0.5,0.65,0.85,1.4,3.15,13.15,12.52,10.99,9.53,8.25,7.27,6.77
13-1-2022,13:44,786274,596708,189566,18223.15,18200.0,18250.0,18300.0,18350.0,18400.0,18450.0,34.55,9.8,2.4,0.85,0.55,0.45,4.23,4.92,5.77,6.87,8.48,10.12,17950.0,18000.0,18050.0,18100.0,18150.0,18200.0,0.5,0.7,0.95,1.6,3.6,13.4,13.08,11.43,9.76,8.24,6.99,6.67
13-1-2022,13:49,777359,601421,175938,18227.4,18200.0,18250.0,18300.0,18350.0,18400.0,18450.0,39.2,11.45,2.9,0.85,0.5,0.4,4.23,4.92,5.77,6.87,8.48,10.12,17950.0,18000.0,18050.0,18100.0,18150.0,18200.0,0.4,0.6,0.85,1.4,2.8,10.65,13.08,11.43,9.76,8.24,6.99,6.67
13-1-2022,13:54,780283,602534,177749,18227.95,18200.0,18250.0,18300.0,18350.0,18400.0,18450.0,40.5,11.8,2.65,0.8,0.5,0.4,4.6,4.91,5.76,6.78,8.41,10.16,17950.0,18000.0,18050.0,18100.0,18150.0,18200.0,0.45,0.65,0.85,1.25,2.3,9.45,12.66,11.25,9.71,8.13,6.49,6.24
13-1-2022,13:59,770779,604747,166032,18234.25,18200.0,18250.0,18300.0,18350.0,18400.0,18450.0,39.35,11.9,2.8,0.7,0.4,0.4,4.6,4.91,5.76,6.78,8.41,10.16,17950.0,18000.0,18050.0,18100.0,18150.0,18200.0,0.45,0.55,0.65,0.95,1.75,8.85,12.66,11.25,9.71,8.13,6.49,6.24
13-1-2022,14:4,770697,606476,164221,18241.9,18200.0,18250.0,18300.0,18350.0,18400.0,18450.0,48.9,16.45,3.4,0.75,0.4,0.3,3.83,4.63,5.36,6.22,7.78,9.8,17950.0,18000.0,18050.0,18100.0,18150.0,18200.0,0.45,0.55,0.7,0.95,1.5,5.85,13.01,11.48,9.71,8.02,6.32,5.92
13-1-2022,14:9,756394,596776,159618,18236.3,18200.0,18250.0,18300.0,18350.0,18400.0,18450.0,45.45,13.25,2.9,0.6,0.35,0.25,3.83,4.63,5.36,6.22,7.78,9.8,17950.0,18000.0,18050.0,18100.0,18150.0,18200.0,0.4,0.55,0.7,1.0,1.7,5.9,13.01,11.48,9.71,8.02,6.32,5.92
13-1-2022,14:14,757004,596030,160974,18223.4,18200.0,18250.0,18300.0,18350.0,18400.0,18450.0,33.35,7.7,1.55,0.45,0.3,0.2,1.72,4.1,4.93,5.75,7.36,8.97,17950.0,18000.0,18050.0,18100.0,18150.0,18200.0,0.4,0.6,0.75,1.1,2.0,8.75,13.47,11.61,9.9,8.19,6.48,5.57
13-1-2022,14:19,748567,586614,161953,18224.95,18200.0,18250.0,18300.0,18350.0,18400.0,18450.0,35.7,7.95,1.65,0.45,0.25,0.2,1.72,4.1,4.93,5.75,7.36,8.97,17950.0,18000.0,18050.0,18100.0,18150.0,18200.0,0.3,0.4,0.6,0.95,1.55,6.65,13.47,11.61,9.9,8.19,6.48,5.57
13-1-2022,14:24,744654,581549,163105,18225.15,18200.0,18250.0,18300.0,18350.0,18400.0,18450.0,31.2,6.2,1.0,0.4,0.25,0.2,4.0,4.18,5.0,6.11,7.7,9.06,17950.0,18000.0,18050.0,18100.0,18150.0,18200.0,0.25,0.45,0.6,0.9,1.75,8.15,11.91,10.6,9.17,7.41,5.69,4.95
13-1-2022,14:29,735499,575755,159744,18224.0,18200.0,18250.0,18300.0,18350.0,18400.0,18450.0,30.7,5.75,0.95,0.4,0.25,0.15,4.0,4.18,5.0,6.11,7.7,9.06,17950.0,18000.0,18050.0,18100.0,18150.0,18200.0,0.3,0.4,0.5,0.7,1.45,8.45,11.91,10.6,9.17,7.41,5.69,4.95
13-1-2022,14:34,729244,571547,157697,18221.0,18200.0,18250.0,18300.0,18350.0,18400.0,18450.0,29.55,5.35,0.7,0.3,0.15,0.15,3.32,3.71,4.54,6.1,7.48,9.06,17950.0,18000.0,18050.0,18100.0,18150.0,18200.0,0.2,0.3,0.4,0.5,0.95,8.1,11.92,10.43,8.7,7.04,5.3,5.04
13-1-2022,14:39,719548,565801,153747,18206.95,18200.0,18250.0,18300.0,18350.0,18400.0,18450.0,23.0,3.8,0.5,0.25,0.15,0.1,3.32,3.71,4.54,6.1,7.48,9.06,17950.0,18000.0,18050.0,18100.0,18150.0,18200.0,0.2,0.4,0.5,0.65,1.4,11.0,11.92,10.43,8.7,7.04,5.3,5.04
13-1-2022,14:44,716367,563898,152469,18210.9,18200.0,18250.0,18300.0,18350.0,18400.0,18450.0,26.65,3.75,0.45,0.2,0.15,0.1,3.72,4.02,4.68,6.4,8.14,9.27,17950.0,18000.0,18050.0,18100.0,18150.0,18200.0,0.25,0.3,0.35,0.5,1.05,7.65,11.28,9.75,7.98,6.25,4.64,4.5
13-1-2022,14:49,705352,554298,151054,18216.65,18200.0,18250.0,18300.0,18350.0,18400.0,18450.0,22.85,2.25,0.35,0.2,0.1,0.1,3.72,4.02,4.68,6.4,8.14,9.27,17950.0,18000.0,18050.0,18100.0,18150.0,18200.0,0.2,0.25,0.35,0.45,1.0,7.05,11.28,9.75,7.98,6.25,4.64,4.5
13-1-2022,14:54,701620,546552,155068,18219.6,18200.0,18250.0,18300.0,18350.0,18400.0,18450.0,24.15,1.65,0.25,0.2,0.1,0.05,0.0,2.68,3.91,5.62,7.3,8.16,17950.0,18000.0,18050.0,18100.0,18150.0,18200.0,0.15,0.15,0.25,0.35,0.9,5.75,11.19,9.93,8.32,6.48,4.87,3.96
13-1-2022,14:59,688715,548261,140454,18217.2,18200.0,18250.0,18300.0,18350.0,18400.0,18450.0,24.6,1.55,0.3,0.15,0.1,0.05,0.0,2.68,3.91,5.62,7.3,8.16,17950.0,18000.0,18050.0,18100.0,18150.0,18200.0,0.15,0.1,0.2,0.25,0.75,4.8,11.19,9.93,8.32,6.48,4.87,3.96
13-1-2022,15:4,646217,530954,115263,18240.6,18200.0,18250.0,18300.0,18350.0,18400.0,18450.0,43.1,4.0,0.5,0.25,0.15,0.05,2.22,2.33,3.98,5.77,7.44,8.28,17950.0,18000.0,18050.0,18100.0,18150.0,18200.0,0.05,0.15,0.2,0.15,0.25,0.8,11.06,8.83,7.35,5.81,4.28,3.2
13-1-2022,15:9,694806,514594,180212,18257.3,18250.0,18300.0,18350.0,18400.0,18450.0,18500.0,5.75,0.5,0.15,0.2,0.05,0.1,2.33,3.98,5.77,7.44,8.28,10.59,18000.0,18050.0,18100.0,18150.0,18200.0,18250.0,0.1,0.1,0.15,0.15,0.35,2.95,8.83,7.35,5.81,4.28,3.2,3.45
13-1-2022,15:14,647984,509602,138382,18253.65,18250.0,18300.0,18350.0,18400.0,18450.0,18500.0,11.0,0.25,0.1,0.05,0.05,0.1,0.0,2.29,4.16,5.81,7.09,9.34,18000.0,18050.0,18100.0,18150.0,18200.0,18250.0,0.05,0.1,0.1,0.15,0.25,0.95,9.43,7.75,6.49,5.05,3.32,2.13
13-1-2022,15:19,628025,494657,133368,18264.85,18250.0,18300.0,18350.0,18400.0,18450.0,18500.0,9.25,0.15,0.05,0.05,0.05,0.05,0.0,2.29,4.16,5.81,7.09,9.34,18000.0,18050.0,18100.0,18150.0,18200.0,18250.0,0.1,0.1,0.1,0.1,0.15,0.85,9.43,7.75,6.49,5.05,3.32,2.13
13-1-2022,15:24,595416,471805,123611,18261.15,18250.0,18300.0,18350.0,18400.0,18450.0,18500.0,8.85,0.1,0.05,0.05,0.05,0.05,0.0,1.58,3.31,5.06,6.76,8.41,18000.0,18050.0,18100.0,18150.0,18200.0,18250.0,0.05,0.05,0.05,0.1,0.05,0.1,9.75,8.07,6.84,5.0,3.25,1.48
13-1-2022,15:37,528143,375915,152228,18257.8,18250.0,18300.0,18350.0,18400.0,18450.0,18500.0,7.95,0.05,0.05,0.05,0.05,0.05,0.0,1.6,3.46,5.21,6.9,8.55,18000.0,18050.0,18100.0,18150.0,18200.0,18250.0,0.05,0.05,0.05,0.05,0.05,0.05,9.61,7.93,6.23,4.49,2.68,0.72
